date,event_timestamp_utc,indicator_type,event,country,actual,forecast,previous,revision,unit,importance,calendar_id,ticker,source,source_url,provider,provider_endpoint,point_in_time
2016-01-04,2016-01-04T15:00:00+00:00,pmi,ISM Manufacturing PMI,United States,48.2,49.1,48.6,,index,High Impact Expected,,,ForexFactory,https://www.forexfactory.com/calendar,ForexFactory,https://huggingface.co/datasets/Ehsanrs2/Forex_Factory_Calendar/resolve/main/forex_factory_cache.csv,True
2016-01-07,2016-01-07T20:30:00+00:00,nfp,Non-Farm Employment Change,United States,292000.0,203000.0,252000.0,,persons,High Impact Expected,,,ForexFactory,https://www.forexfactory.com/calendar,ForexFactory,https://huggingface.co/datasets/Ehsanrs2/Forex_Factory_Calendar/resolve/main/forex_factory_cache.csv,True
2016-01-07,2016-01-07T20:30:00+00:00,unemployment,Unemployment Rate,United States,5.0,5.0,5.0,,percent,High Impact Expected,,,ForexFactory,https://www.forexfactory.com/calendar,ForexFactory,https://huggingface.co/datasets/Ehsanrs2/Forex_Factory_Calendar/resolve/main/forex_factory_cache.csv,True
2016-01-14,2016-01-14T20:30:00+00:00,retail_sales,Retail Sales m/m,United States,-0.1,-0.1,0.4,,percent,High Impact Expected,,,ForexFactory,https://www.forexfactory.com/calendar,ForexFactory,https://huggingface.co/datasets/Ehsanrs2/Forex_Factory_Calendar/resolve/main/forex_factory_cache.csv,True
2016-01-19,2016-01-19T20:30:00+00:00,core_cpi,Core CPI m/m,United States,0.1,0.2,0.2,,percent,High Impact Expected,,,ForexFactory,https://www.forexfactory.com/calendar,ForexFactory,https://huggingface.co/datasets/Ehsanrs2/Forex_Factory_Calendar/resolve/main/forex_factory_cache.csv,True
2016-01-19,2016-01-19T20:30:00+00:00,cpi,CPI m/m,United States,-0.1,0.0,0.0,,percent,High Impact Expected,,,ForexFactory,https://www.forexfactory.com/calendar,ForexFactory,https://huggingface.co/datasets/Ehsanrs2/Forex_Factory_Calendar/resolve/main/forex_factory_cache.csv,True
2016-01-28,2016-01-28T20:30:00+00:00,gdp,Advance GDP q/q,United States,0.7,0.8,2.0,,percent,High Impact Expected,,,ForexFactory,https://www.forexfactory.com/calendar,ForexFactory,https://huggingface.co/datasets/Ehsanrs2/Forex_Factory_Calendar/resolve/main/forex_factory_cache.csv,True
2016-02-01,2016-02-01T15:00:00+00:00,pmi,ISM Manufacturing PMI,United States,48.2,48.6,48.2,,index,High Impact Expected,,,ForexFactory,https://www.forexfactory.com/calendar,ForexFactory,https://huggingface.co/datasets/Ehsanrs2/Forex_Factory_Calendar/resolve/main/forex_factory_cache.csv,True
2016-02-04,2016-02-04T20:30:00+00:00,nfp,Non-Farm Employment Change,United States,151000.0,189000.0,262000.0,,persons,High Impact Expected,,,ForexFactory,https://www.forexfactory.com/calendar,ForexFactory,https://huggingface.co/datasets/Ehsanrs2/Forex_Factory_Calendar/resolve/main/forex_factory_cache.csv,True
2016-02-04,2016-02-04T20:30:00+00:00,unemployment,Unemployment Rate,United States,4.9,5.0,5.0,,percent,High Impact Expected,,,ForexFactory,https://www.forexfactory.com/calendar,ForexFactory,https://huggingface.co/datasets/Ehsanrs2/Forex_Factory_Calendar/resolve/main/forex_factory_cache.csv,True
2016-02-11,2016-02-11T20:30:00+00:00,retail_sales,Retail Sales m/m,United States,0.2,0.1,0.2,,percent,High Impact Expected,,,ForexFactory,https://www.forexfactory.com/calendar,ForexFactory,https://huggingface.co/datasets/Ehsanrs2/Forex_Factory_Calendar/resolve/main/forex_factory_cache.csv,True
2016-02-18,2016-02-18T20:30:00+00:00,core_cpi,Core CPI m/m,United States,0.3,0.2,0.1,,percent,High Impact Expected,,,ForexFactory,https://www.forexfactory.com/calendar,ForexFactory,https://huggingface.co/datasets/Ehsanrs2/Forex_Factory_Calendar/resolve/main/forex_factory_cache.csv,True
2016-02-18,2016-02-18T20:30:00+00:00,cpi,CPI m/m,United States,0.0,-0.1,-0.1,,percent,High Impact Expected,,,ForexFactory,https://www.forexfactory.com/calendar,ForexFactory,https://huggingface.co/datasets/Ehsanrs2/Forex_Factory_Calendar/resolve/main/forex_factory_cache.csv,True
2016-03-01,2016-03-01T15:00:00+00:00,pmi,ISM Manufacturing PMI,United States,49.5,48.5,48.2,,index,High Impact Expected,,,ForexFactory,https://www.forexfactory.com/calendar,ForexFactory,https://huggingface.co/datasets/Ehsanrs2/Forex_Factory_Calendar/resolve/main/forex_factory_cache.csv,True
2016-03-03,2016-03-03T20:30:00+00:00,nfp,Non-Farm Employment Change,United States,242000.0,195000.0,172000.0,,persons,High Impact Expected,,,ForexFactory,https://www.forexfactory.com/calendar,ForexFactory,https://huggingface.co/datasets/Ehsanrs2/Forex_Factory_Calendar/resolve/main/forex_factory_cache.csv,True
2016-03-03,2016-03-03T20:30:00+00:00,unemployment,Unemployment Rate,United States,4.9,4.9,4.9,,percent,High Impact Expected,,,ForexFactory,https://www.forexfactory.com/calendar,ForexFactory,https://huggingface.co/datasets/Ehsanrs2/Forex_Factory_Calendar/resolve/main/forex_factory_cache.csv,True
2016-03-14,2016-03-14T20:30:00+00:00,retail_sales,Retail Sales m/m,United States,-0.1,-0.1,-0.4,,percent,High Impact Expected,,,ForexFactory,https://www.forexfactory.com/calendar,ForexFactory,https://huggingface.co/datasets/Ehsanrs2/Forex_Factory_Calendar/resolve/main/forex_factory_cache.csv,True
2016-03-15,2016-03-15T20:30:00+00:00,core_cpi,Core CPI m/m,United States,0.3,0.2,0.3,,percent,High Impact Expected,,,ForexFactory,https://www.forexfactory.com/calendar,ForexFactory,https://huggingface.co/datasets/Ehsanrs2/Forex_Factory_Calendar/resolve/main/forex_factory_cache.csv,True
2016-03-15,2016-03-15T20:30:00+00:00,cpi,CPI m/m,United States,-0.2,-0.2,0.0,,percent,High Impact Expected,,,ForexFactory,https://www.forexfactory.com/calendar,ForexFactory,https://huggingface.co/datasets/Ehsanrs2/Forex_Factory_Calendar/resolve/main/forex_factory_cache.csv,True
2016-03-31,2016-03-31T19:30:00+00:00,nfp,Non-Farm Employment Change,United States,215000.0,206000.0,245000.0,,persons,High Impact Expected,,,ForexFactory,https://www.forexfactory.com/calendar,ForexFactory,https://huggingface.co/datasets/Ehsanrs2/Forex_Factory_Calendar/resolve/main/forex_factory_cache.csv,True
2016-03-31,2016-03-31T19:30:00+00:00,unemployment,Unemployment Rate,United States,5.0,4.9,4.9,,percent,High Impact Expected,,,ForexFactory,https://www.forexfactory.com/calendar,ForexFactory,https://huggingface.co/datasets/Ehsanrs2/Forex_Factory_Calendar/resolve/main/forex_factory_cache.csv,True
2016-04-01,2016-04-01T14:00:00+00:00,pmi,ISM Manufacturing PMI,United States,51.8,50.8,49.5,,index,High Impact Expected,,,ForexFactory,https://www.forexfactory.com/calendar,ForexFactory,https://huggingface.co/datasets/Ehsanrs2/Forex_Factory_Calendar/resolve/main/forex_factory_cache.csv,True
2016-04-12,2016-04-12T19:30:00+00:00,retail_sales,Retail Sales m/m,United States,-0.3,0.1,0.0,,percent,High Impact Expected,,,ForexFactory,https://www.forexfactory.com/calendar,ForexFactory,https://huggingface.co/datasets/Ehsanrs2/Forex_Factory_Calendar/resolve/main/forex_factory_cache.csv,True
2016-04-13,2016-04-13T19:30:00+00:00,core_cpi,Core CPI m/m,United States,0.1,0.2,0.3,,percent,High Impact Expected,,,ForexFactory,https://www.forexfactory.com/calendar,ForexFactory,https://huggingface.co/datasets/Ehsanrs2/Forex_Factory_Calendar/resolve/main/forex_factory_cache.csv,True
2016-04-13,2016-04-13T19:30:00+00:00,cpi,CPI m/m,United States,0.1,0.2,-0.2,,percent,High Impact Expected,,,ForexFactory,https://www.forexfactory.com/calendar,ForexFactory,https://huggingface.co/datasets/Ehsanrs2/Forex_Factory_Calendar/resolve/main/forex_factory_cache.csv,True
2016-04-28,2016-04-28T12:30:00+00:00,gdp,Advance GDP q/q,United States,0.5,0.7,1.4,,percent,High Impact Expected,,,ForexFactory,https://www.forexfactory.com/calendar,ForexFactory,https://huggingface.co/datasets/Ehsanrs2/Forex_Factory_Calendar/resolve/main/forex_factory_cache.csv,True
2016-05-01,2016-05-01T19:30:00+00:00,pmi,ISM Manufacturing PMI,United States,50.8,51.6,51.8,,index,High Impact Expected,,,ForexFactory,https://www.forexfactory.com/calendar,ForexFactory,https://huggingface.co/datasets/Ehsanrs2/Forex_Factory_Calendar/resolve/main/forex_factory_cache.csv,True
2016-05-05,2016-05-05T19:30:00+00:00,nfp,Non-Farm Employment Change,United States,160000.0,203000.0,208000.0,,persons,High Impact Expected,,,ForexFactory,https://www.forexfactory.com/calendar,ForexFactory,https://huggingface.co/datasets/Ehsanrs2/Forex_Factory_Calendar/resolve/main/forex_factory_cache.csv,True
2016-05-05,2016-05-05T19:30:00+00:00,unemployment,Unemployment Rate,United States,5.0,5.0,5.0,,percent,High Impact Expected,,,ForexFactory,https://www.forexfactory.com/calendar,ForexFactory,https://huggingface.co/datasets/Ehsanrs2/Forex_Factory_Calendar/resolve/main/forex_factory_cache.csv,True
2016-05-12,2016-05-12T19:30:00+00:00,retail_sales,Retail Sales m/m,United States,1.3,-0.3,-0.3,,percent,High Impact Expected,,,ForexFactory,https://www.forexfactory.com/calendar,ForexFactory,https://huggingface.co/datasets/Ehsanrs2/Forex_Factory_Calendar/resolve/main/forex_factory_cache.csv,True
2016-05-16,2016-05-16T19:30:00+00:00,core_cpi,Core CPI m/m,United States,0.2,0.2,0.1,,percent,High Impact Expected,,,ForexFactory,https://www.forexfactory.com/calendar,ForexFactory,https://huggingface.co/datasets/Ehsanrs2/Forex_Factory_Calendar/resolve/main/forex_factory_cache.csv,True
2016-05-16,2016-05-16T19:30:00+00:00,cpi,CPI m/m,United States,0.4,0.3,0.1,,percent,High Impact Expected,,,ForexFactory,https://www.forexfactory.com/calendar,ForexFactory,https://huggingface.co/datasets/Ehsanrs2/Forex_Factory_Calendar/resolve/main/forex_factory_cache.csv,True
2016-06-01,2016-06-01T14:00:00+00:00,pmi,ISM Manufacturing PMI,United States,51.3,50.5,50.8,,index,High Impact Expected,,,ForexFactory,https://www.forexfactory.com/calendar,ForexFactory,https://huggingface.co/datasets/Ehsanrs2/Forex_Factory_Calendar/resolve/main/forex_factory_cache.csv,True
2016-06-02,2016-06-02T19:30:00+00:00,nfp,Non-Farm Employment Change,United States,38000.0,159000.0,123000.0,,persons,High Impact Expected,,,ForexFactory,https://www.forexfactory.com/calendar,ForexFactory,https://huggingface.co/datasets/Ehsanrs2/Forex_Factory_Calendar/resolve/main/forex_factory_cache.csv,True
2016-06-02,2016-06-02T19:30:00+00:00,unemployment,Unemployment Rate,United States,4.7,4.9,5.0,,percent,High Impact Expected,,,ForexFactory,https://www.forexfactory.com/calendar,ForexFactory,https://huggingface.co/datasets/Ehsanrs2/Forex_Factory_Calendar/resolve/main/forex_factory_cache.csv,True
2016-06-13,2016-06-13T19:30:00+00:00,retail_sales,Retail Sales m/m,United States,0.5,0.4,1.3,,percent,High Impact Expected,,,ForexFactory,https://www.forexfactory.com/calendar,ForexFactory,https://huggingface.co/datasets/Ehsanrs2/Forex_Factory_Calendar/resolve/main/forex_factory_cache.csv,True
2016-06-15,2016-06-15T19:30:00+00:00,core_cpi,Core CPI m/m,United States,0.2,0.2,0.2,,percent,High Impact Expected,,,ForexFactory,https://www.forexfactory.com/calendar,ForexFactory,https://huggingface.co/datasets/Ehsanrs2/Forex_Factory_Calendar/resolve/main/forex_factory_cache.csv,True
2016-06-15,2016-06-15T19:30:00+00:00,cpi,CPI m/m,United States,0.2,0.3,0.4,,percent,High Impact Expected,,,ForexFactory,https://www.forexfactory.com/calendar,ForexFactory,https://huggingface.co/datasets/Ehsanrs2/Forex_Factory_Calendar/resolve/main/forex_factory_cache.csv,True
2016-07-01,2016-07-01T14:00:00+00:00,pmi,ISM Manufacturing PMI,United States,53.2,51.3,51.3,,index,High Impact Expected,,,ForexFactory,https://www.forexfactory.com/calendar,ForexFactory,https://huggingface.co/datasets/Ehsanrs2/Forex_Factory_Calendar/resolve/main/forex_factory_cache.csv,True
2016-07-07,2016-07-07T19:30:00+00:00,nfp,Non-Farm Employment Change,United States,287000.0,175000.0,11000.0,,persons,High Impact Expected,,,ForexFactory,https://www.forexfactory.com/calendar,ForexFactory,https://huggingface.co/datasets/Ehsanrs2/Forex_Factory_Calendar/resolve/main/forex_factory_cache.csv,True
2016-07-07,2016-07-07T19:30:00+00:00,unemployment,Unemployment Rate,United States,4.9,4.8,4.7,,percent,High Impact Expected,,,ForexFactory,https://www.forexfactory.com/calendar,ForexFactory,https://huggingface.co/datasets/Ehsanrs2/Forex_Factory_Calendar/resolve/main/forex_factory_cache.csv,True
2016-07-14,2016-07-14T19:30:00+00:00,core_cpi,Core CPI m/m,United States,0.2,0.2,0.2,,percent,High Impact Expected,,,ForexFactory,https://www.forexfactory.com/calendar,ForexFactory,https://huggingface.co/datasets/Ehsanrs2/Forex_Factory_Calendar/resolve/main/forex_factory_cache.csv,True
2016-07-14,2016-07-14T19:30:00+00:00,cpi,CPI m/m,United States,0.2,0.2,0.2,,percent,High Impact Expected,,,ForexFactory,https://www.forexfactory.com/calendar,ForexFactory,https://huggingface.co/datasets/Ehsanrs2/Forex_Factory_Calendar/resolve/main/forex_factory_cache.csv,True
2016-07-14,2016-07-14T19:30:00+00:00,retail_sales,Retail Sales m/m,United States,0.6,0.1,0.2,,percent,High Impact Expected,,,ForexFactory,https://www.forexfactory.com/calendar,ForexFactory,https://huggingface.co/datasets/Ehsanrs2/Forex_Factory_Calendar/resolve/main/forex_factory_cache.csv,True
2016-07-28,2016-07-28T19:30:00+00:00,gdp,Advance GDP q/q,United States,1.2,2.6,1.1,,percent,High Impact Expected,,,ForexFactory,https://www.forexfactory.com/calendar,ForexFactory,https://huggingface.co/datasets/Ehsanrs2/Forex_Factory_Calendar/resolve/main/forex_factory_cache.csv,True
2016-08-01,2016-08-01T14:00:00+00:00,pmi,ISM Manufacturing PMI,United States,52.6,53.1,53.2,,index,High Impact Expected,,,ForexFactory,https://www.forexfactory.com/calendar,ForexFactory,https://huggingface.co/datasets/Ehsanrs2/Forex_Factory_Calendar/resolve/main/forex_factory_cache.csv,True
2016-08-04,2016-08-04T19:30:00+00:00,nfp,Non-Farm Employment Change,United States,255000.0,180000.0,292000.0,,persons,High Impact Expected,,,ForexFactory,https://www.forexfactory.com/calendar,ForexFactory,https://huggingface.co/datasets/Ehsanrs2/Forex_Factory_Calendar/resolve/main/forex_factory_cache.csv,True
2016-08-04,2016-08-04T19:30:00+00:00,unemployment,Unemployment Rate,United States,4.9,4.8,4.9,,percent,High Impact Expected,,,ForexFactory,https://www.forexfactory.com/calendar,ForexFactory,https://huggingface.co/datasets/Ehsanrs2/Forex_Factory_Calendar/resolve/main/forex_factory_cache.csv,True
2016-08-11,2016-08-11T19:30:00+00:00,retail_sales,Retail Sales m/m,United States,0.0,0.4,0.8,,percent,High Impact Expected,,,ForexFactory,https://www.forexfactory.com/calendar,ForexFactory,https://huggingface.co/datasets/Ehsanrs2/Forex_Factory_Calendar/resolve/main/forex_factory_cache.csv,True
2016-08-15,2016-08-15T19:30:00+00:00,core_cpi,Core CPI m/m,United States,0.1,0.2,0.2,,percent,High Impact Expected,,,ForexFactory,https://www.forexfactory.com/calendar,ForexFactory,https://huggingface.co/datasets/Ehsanrs2/Forex_Factory_Calendar/resolve/main/forex_factory_cache.csv,True
2016-08-15,2016-08-15T19:30:00+00:00,cpi,CPI m/m,United States,0.0,0.0,0.2,,percent,High Impact Expected,,,ForexFactory,https://www.forexfactory.com/calendar,ForexFactory,https://huggingface.co/datasets/Ehsanrs2/Forex_Factory_Calendar/resolve/main/forex_factory_cache.csv,True
2016-09-01,2016-09-01T19:30:00+00:00,nfp,Non-Farm Employment Change,United States,151000.0,180000.0,275000.0,,persons,High Impact Expected,,,ForexFactory,https://www.forexfactory.com/calendar,ForexFactory,https://huggingface.co/datasets/Ehsanrs2/Forex_Factory_Calendar/resolve/main/forex_factory_cache.csv,True
2016-09-01,2016-09-01T14:00:00+00:00,pmi,ISM Manufacturing PMI,United States,49.4,52.0,52.6,,index,High Impact Expected,,,ForexFactory,https://www.forexfactory.com/calendar,ForexFactory,https://huggingface.co/datasets/Ehsanrs2/Forex_Factory_Calendar/resolve/main/forex_factory_cache.csv,True
2016-09-01,2016-09-01T19:30:00+00:00,unemployment,Unemployment Rate,United States,4.9,4.8,4.9,,percent,High Impact Expected,,,ForexFactory,https://www.forexfactory.com/calendar,ForexFactory,https://huggingface.co/datasets/Ehsanrs2/Forex_Factory_Calendar/resolve/main/forex_factory_cache.csv,True
2016-09-14,2016-09-14T19:30:00+00:00,retail_sales,Retail Sales m/m,United States,-0.3,-0.1,0.1,,percent,High Impact Expected,,,ForexFactory,https://www.forexfactory.com/calendar,ForexFactory,https://huggingface.co/datasets/Ehsanrs2/Forex_Factory_Calendar/resolve/main/forex_factory_cache.csv,True
2016-09-15,2016-09-15T19:30:00+00:00,core_cpi,Core CPI m/m,United States,0.3,0.2,0.1,,percent,High Impact Expected,,,ForexFactory,https://www.forexfactory.com/calendar,ForexFactory,https://huggingface.co/datasets/Ehsanrs2/Forex_Factory_Calendar/resolve/main/forex_factory_cache.csv,True
2016-09-15,2016-09-15T19:30:00+00:00,cpi,CPI m/m,United States,0.2,0.1,0.0,,percent,High Impact Expected,,,ForexFactory,https://www.forexfactory.com/calendar,ForexFactory,https://huggingface.co/datasets/Ehsanrs2/Forex_Factory_Calendar/resolve/main/forex_factory_cache.csv,True
2016-10-03,2016-10-03T14:00:00+00:00,pmi,ISM Manufacturing PMI,United States,51.5,50.4,49.4,,index,High Impact Expected,,,ForexFactory,https://www.forexfactory.com/calendar,ForexFactory,https://huggingface.co/datasets/Ehsanrs2/Forex_Factory_Calendar/resolve/main/forex_factory_cache.csv,True
2016-10-06,2016-10-06T20:30:00+00:00,nfp,Non-Farm Employment Change,United States,156000.0,171000.0,167000.0,,persons,High Impact Expected,,,ForexFactory,https://www.forexfactory.com/calendar,ForexFactory,https://huggingface.co/datasets/Ehsanrs2/Forex_Factory_Calendar/resolve/main/forex_factory_cache.csv,True
2016-10-06,2016-10-06T20:30:00+00:00,unemployment,Unemployment Rate,United States,5.0,4.9,4.9,,percent,High Impact Expected,,,ForexFactory,https://www.forexfactory.com/calendar,ForexFactory,https://huggingface.co/datasets/Ehsanrs2/Forex_Factory_Calendar/resolve/main/forex_factory_cache.csv,True
2016-10-13,2016-10-13T20:30:00+00:00,retail_sales,Retail Sales m/m,United States,0.6,0.6,-0.2,,percent,High Impact Expected,,,ForexFactory,https://www.forexfactory.com/calendar,ForexFactory,https://huggingface.co/datasets/Ehsanrs2/Forex_Factory_Calendar/resolve/main/forex_factory_cache.csv,True
2016-10-17,2016-10-17T20:30:00+00:00,core_cpi,Core CPI m/m,United States,0.1,0.2,0.3,,percent,High Impact Expected,,,ForexFactory,https://www.forexfactory.com/calendar,ForexFactory,https://huggingface.co/datasets/Ehsanrs2/Forex_Factory_Calendar/resolve/main/forex_factory_cache.csv,True
2016-10-17,2016-10-17T20:30:00+00:00,cpi,CPI m/m,United States,0.3,0.3,0.2,,percent,High Impact Expected,,,ForexFactory,https://www.forexfactory.com/calendar,ForexFactory,https://huggingface.co/datasets/Ehsanrs2/Forex_Factory_Calendar/resolve/main/forex_factory_cache.csv,True
2016-10-28,2016-10-28T12:30:00+00:00,gdp,Advance GDP q/q,United States,2.9,2.5,1.4,,percent,High Impact Expected,,,ForexFactory,https://www.forexfactory.com/calendar,ForexFactory,https://huggingface.co/datasets/Ehsanrs2/Forex_Factory_Calendar/resolve/main/forex_factory_cache.csv,True
2016-11-01,2016-11-01T14:00:00+00:00,pmi,ISM Manufacturing PMI,United States,51.9,51.8,51.5,,index,High Impact Expected,,,ForexFactory,https://www.forexfactory.com/calendar,ForexFactory,https://huggingface.co/datasets/Ehsanrs2/Forex_Factory_Calendar/resolve/main/forex_factory_cache.csv,True
2016-11-03,2016-11-03T20:30:00+00:00,nfp,Non-Farm Employment Change,United States,161000.0,174000.0,191000.0,,persons,High Impact Expected,,,ForexFactory,https://www.forexfactory.com/calendar,ForexFactory,https://huggingface.co/datasets/Ehsanrs2/Forex_Factory_Calendar/resolve/main/forex_factory_cache.csv,True
2016-11-03,2016-11-03T20:30:00+00:00,unemployment,Unemployment Rate,United States,4.9,4.9,5.0,,percent,High Impact Expected,,,ForexFactory,https://www.forexfactory.com/calendar,ForexFactory,https://huggingface.co/datasets/Ehsanrs2/Forex_Factory_Calendar/resolve/main/forex_factory_cache.csv,True
2016-11-14,2016-11-14T20:30:00+00:00,retail_sales,Retail Sales m/m,United States,0.8,0.6,1.0,,percent,High Impact Expected,,,ForexFactory,https://www.forexfactory.com/calendar,ForexFactory,https://huggingface.co/datasets/Ehsanrs2/Forex_Factory_Calendar/resolve/main/forex_factory_cache.csv,True
2016-11-16,2016-11-16T20:30:00+00:00,core_cpi,Core CPI m/m,United States,0.1,0.2,0.1,,percent,High Impact Expected,,,ForexFactory,https://www.forexfactory.com/calendar,ForexFactory,https://huggingface.co/datasets/Ehsanrs2/Forex_Factory_Calendar/resolve/main/forex_factory_cache.csv,True
2016-11-16,2016-11-16T20:30:00+00:00,cpi,CPI m/m,United States,0.4,0.4,0.3,,percent,High Impact Expected,,,ForexFactory,https://www.forexfactory.com/calendar,ForexFactory,https://huggingface.co/datasets/Ehsanrs2/Forex_Factory_Calendar/resolve/main/forex_factory_cache.csv,True
2016-12-01,2016-12-01T20:30:00+00:00,nfp,Non-Farm Employment Change,United States,178000.0,177000.0,142000.0,,persons,High Impact Expected,,,ForexFactory,https://www.forexfactory.com/calendar,ForexFactory,https://huggingface.co/datasets/Ehsanrs2/Forex_Factory_Calendar/resolve/main/forex_factory_cache.csv,True
2016-12-01,2016-12-01T15:00:00+00:00,pmi,ISM Manufacturing PMI,United States,53.2,52.1,51.9,,index,High Impact Expected,,,ForexFactory,https://www.forexfactory.com/calendar,ForexFactory,https://huggingface.co/datasets/Ehsanrs2/Forex_Factory_Calendar/resolve/main/forex_factory_cache.csv,True
2016-12-01,2016-12-01T20:30:00+00:00,unemployment,Unemployment Rate,United States,4.6,4.9,4.9,,percent,High Impact Expected,,,ForexFactory,https://www.forexfactory.com/calendar,ForexFactory,https://huggingface.co/datasets/Ehsanrs2/Forex_Factory_Calendar/resolve/main/forex_factory_cache.csv,True
2016-12-13,2016-12-13T20:30:00+00:00,retail_sales,Retail Sales m/m,United States,0.1,0.3,0.6,,percent,High Impact Expected,,,ForexFactory,https://www.forexfactory.com/calendar,ForexFactory,https://huggingface.co/datasets/Ehsanrs2/Forex_Factory_Calendar/resolve/main/forex_factory_cache.csv,True
2016-12-14,2016-12-14T20:30:00+00:00,core_cpi,Core CPI m/m,United States,0.2,0.2,0.1,,percent,High Impact Expected,,,ForexFactory,https://www.forexfactory.com/calendar,ForexFactory,https://huggingface.co/datasets/Ehsanrs2/Forex_Factory_Calendar/resolve/main/forex_factory_cache.csv,True
2016-12-14,2016-12-14T20:30:00+00:00,cpi,CPI m/m,United States,0.2,0.2,0.4,,percent,High Impact Expected,,,ForexFactory,https://www.forexfactory.com/calendar,ForexFactory,https://huggingface.co/datasets/Ehsanrs2/Forex_Factory_Calendar/resolve/main/forex_factory_cache.csv,True
2017-01-03,2017-01-03T15:00:00+00:00,pmi,ISM Manufacturing PMI,United States,54.7,53.7,53.2,,index,High Impact Expected,,,ForexFactory,https://www.forexfactory.com/calendar,ForexFactory,https://huggingface.co/datasets/Ehsanrs2/Forex_Factory_Calendar/resolve/main/forex_factory_cache.csv,True
2017-01-05,2017-01-05T20:30:00+00:00,nfp,Non-Farm Employment Change,United States,156000.0,175000.0,204000.0,,persons,High Impact Expected,,,ForexFactory,https://www.forexfactory.com/calendar,ForexFactory,https://huggingface.co/datasets/Ehsanrs2/Forex_Factory_Calendar/resolve/main/forex_factory_cache.csv,True
2017-01-05,2017-01-05T20:30:00+00:00,unemployment,Unemployment Rate,United States,4.7,4.7,4.6,,percent,High Impact Expected,,,ForexFactory,https://www.forexfactory.com/calendar,ForexFactory,https://huggingface.co/datasets/Ehsanrs2/Forex_Factory_Calendar/resolve/main/forex_factory_cache.csv,True
2017-01-12,2017-01-12T20:30:00+00:00,retail_sales,Retail Sales m/m,United States,0.6,0.5,0.2,,percent,High Impact Expected,,,ForexFactory,https://www.forexfactory.com/calendar,ForexFactory,https://huggingface.co/datasets/Ehsanrs2/Forex_Factory_Calendar/resolve/main/forex_factory_cache.csv,True
2017-01-17,2017-01-17T20:30:00+00:00,cpi,CPI m/m,United States,0.3,0.3,0.2,,percent,High Impact Expected,,,ForexFactory,https://www.forexfactory.com/calendar,ForexFactory,https://huggingface.co/datasets/Ehsanrs2/Forex_Factory_Calendar/resolve/main/forex_factory_cache.csv,True
2017-01-18,2017-01-18T13:30:00+00:00,core_cpi,Core CPI m/m,United States,0.2,0.2,0.2,,percent,High Impact Expected,,,ForexFactory,https://www.forexfactory.com/calendar,ForexFactory,https://huggingface.co/datasets/Ehsanrs2/Forex_Factory_Calendar/resolve/main/forex_factory_cache.csv,True
2017-01-27,2017-01-27T13:30:00+00:00,gdp,Advance GDP q/q,United States,1.9,2.1,3.5,,percent,High Impact Expected,,,ForexFactory,https://www.forexfactory.com/calendar,ForexFactory,https://huggingface.co/datasets/Ehsanrs2/Forex_Factory_Calendar/resolve/main/forex_factory_cache.csv,True
2017-02-01,2017-02-01T15:00:00+00:00,pmi,ISM Manufacturing PMI,United States,56.0,55.0,54.7,,index,High Impact Expected,,,ForexFactory,https://www.forexfactory.com/calendar,ForexFactory,https://huggingface.co/datasets/Ehsanrs2/Forex_Factory_Calendar/resolve/main/forex_factory_cache.csv,True
2017-02-02,2017-02-02T20:30:00+00:00,nfp,Non-Farm Employment Change,United States,227000.0,170000.0,157000.0,,persons,High Impact Expected,,,ForexFactory,https://www.forexfactory.com/calendar,ForexFactory,https://huggingface.co/datasets/Ehsanrs2/Forex_Factory_Calendar/resolve/main/forex_factory_cache.csv,True
2017-02-02,2017-02-02T20:30:00+00:00,unemployment,Unemployment Rate,United States,4.8,4.7,4.7,,percent,High Impact Expected,,,ForexFactory,https://www.forexfactory.com/calendar,ForexFactory,https://huggingface.co/datasets/Ehsanrs2/Forex_Factory_Calendar/resolve/main/forex_factory_cache.csv,True
2017-02-14,2017-02-14T20:30:00+00:00,core_cpi,Core CPI m/m,United States,0.3,0.2,0.2,,percent,High Impact Expected,,,ForexFactory,https://www.forexfactory.com/calendar,ForexFactory,https://huggingface.co/datasets/Ehsanrs2/Forex_Factory_Calendar/resolve/main/forex_factory_cache.csv,True
2017-02-14,2017-02-14T20:30:00+00:00,cpi,CPI m/m,United States,0.6,0.3,0.3,,percent,High Impact Expected,,,ForexFactory,https://www.forexfactory.com/calendar,ForexFactory,https://huggingface.co/datasets/Ehsanrs2/Forex_Factory_Calendar/resolve/main/forex_factory_cache.csv,True
2017-02-14,2017-02-14T20:30:00+00:00,retail_sales,Retail Sales m/m,United States,0.4,0.1,1.0,,percent,High Impact Expected,,,ForexFactory,https://www.forexfactory.com/calendar,ForexFactory,https://huggingface.co/datasets/Ehsanrs2/Forex_Factory_Calendar/resolve/main/forex_factory_cache.csv,True
2017-02-28,2017-02-28T20:30:00+00:00,pmi,ISM Manufacturing PMI,United States,57.7,56.2,56.0,,index,High Impact Expected,,,ForexFactory,https://www.forexfactory.com/calendar,ForexFactory,https://huggingface.co/datasets/Ehsanrs2/Forex_Factory_Calendar/resolve/main/forex_factory_cache.csv,True
2017-03-09,2017-03-09T20:30:00+00:00,nfp,Non-Farm Employment Change,United States,235000.0,196000.0,238000.0,,persons,High Impact Expected,,,ForexFactory,https://www.forexfactory.com/calendar,ForexFactory,https://huggingface.co/datasets/Ehsanrs2/Forex_Factory_Calendar/resolve/main/forex_factory_cache.csv,True
2017-03-09,2017-03-09T20:30:00+00:00,unemployment,Unemployment Rate,United States,4.7,4.7,4.8,,percent,High Impact Expected,,,ForexFactory,https://www.forexfactory.com/calendar,ForexFactory,https://huggingface.co/datasets/Ehsanrs2/Forex_Factory_Calendar/resolve/main/forex_factory_cache.csv,True
2017-03-14,2017-03-14T20:30:00+00:00,cpi,CPI m/m,United States,0.1,0.0,0.6,,percent,High Impact Expected,,,ForexFactory,https://www.forexfactory.com/calendar,ForexFactory,https://huggingface.co/datasets/Ehsanrs2/Forex_Factory_Calendar/resolve/main/forex_factory_cache.csv,True
2017-03-14,2017-03-14T20:30:00+00:00,retail_sales,Retail Sales m/m,United States,0.1,0.2,0.6,,percent,High Impact Expected,,,ForexFactory,https://www.forexfactory.com/calendar,ForexFactory,https://huggingface.co/datasets/Ehsanrs2/Forex_Factory_Calendar/resolve/main/forex_factory_cache.csv,True
2017-03-15,2017-03-15T12:30:00+00:00,core_cpi,Core CPI m/m,United States,0.2,0.2,0.3,,percent,High Impact Expected,,,ForexFactory,https://www.forexfactory.com/calendar,ForexFactory,https://huggingface.co/datasets/Ehsanrs2/Forex_Factory_Calendar/resolve/main/forex_factory_cache.csv,True
2017-04-03,2017-04-03T14:00:00+00:00,pmi,ISM Manufacturing PMI,United States,57.2,57.2,57.7,,index,High Impact Expected,,,ForexFactory,https://www.forexfactory.com/calendar,ForexFactory,https://huggingface.co/datasets/Ehsanrs2/Forex_Factory_Calendar/resolve/main/forex_factory_cache.csv,True
2017-04-06,2017-04-06T19:30:00+00:00,nfp,Non-Farm Employment Change,United States,98000.0,174000.0,219000.0,,persons,High Impact Expected,,,ForexFactory,https://www.forexfactory.com/calendar,ForexFactory,https://huggingface.co/datasets/Ehsanrs2/Forex_Factory_Calendar/resolve/main/forex_factory_cache.csv,True
2017-04-06,2017-04-06T19:30:00+00:00,unemployment,Unemployment Rate,United States,4.5,4.7,4.7,,percent,High Impact Expected,,,ForexFactory,https://www.forexfactory.com/calendar,ForexFactory,https://huggingface.co/datasets/Ehsanrs2/Forex_Factory_Calendar/resolve/main/forex_factory_cache.csv,True
2017-04-13,2017-04-13T19:30:00+00:00,cpi,CPI m/m,United States,-0.3,0.0,0.1,,percent,High Impact Expected,,,ForexFactory,https://www.forexfactory.com/calendar,ForexFactory,https://huggingface.co/datasets/Ehsanrs2/Forex_Factory_Calendar/resolve/main/forex_factory_cache.csv,True
2017-04-13,2017-04-13T19:30:00+00:00,retail_sales,Retail Sales m/m,United States,-0.2,0.1,-0.3,,percent,High Impact Expected,,,ForexFactory,https://www.forexfactory.com/calendar,ForexFactory,https://huggingface.co/datasets/Ehsanrs2/Forex_Factory_Calendar/resolve/main/forex_factory_cache.csv,True
2017-04-14,2017-04-14T12:30:00+00:00,core_cpi,Core CPI m/m,United States,-0.1,0.2,0.2,,percent,High Impact Expected,,,ForexFactory,https://www.forexfactory.com/calendar,ForexFactory,https://huggingface.co/datasets/Ehsanrs2/Forex_Factory_Calendar/resolve/main/forex_factory_cache.csv,True
2017-04-27,2017-04-27T19:30:00+00:00,gdp,Advance GDP q/q,United States,0.7,1.3,2.1,,percent,High Impact Expected,,,ForexFactory,https://www.forexfactory.com/calendar,ForexFactory,https://huggingface.co/datasets/Ehsanrs2/Forex_Factory_Calendar/resolve/main/forex_factory_cache.csv,True
2017-05-01,2017-05-01T14:00:00+00:00,pmi,ISM Manufacturing PMI,United States,54.8,56.6,57.2,,index,High Impact Expected,,,ForexFactory,https://www.forexfactory.com/calendar,ForexFactory,https://huggingface.co/datasets/Ehsanrs2/Forex_Factory_Calendar/resolve/main/forex_factory_cache.csv,True
2017-05-04,2017-05-04T19:30:00+00:00,nfp,Non-Farm Employment Change,United States,211000.0,194000.0,79000.0,,persons,High Impact Expected,,,ForexFactory,https://www.forexfactory.com/calendar,ForexFactory,https://huggingface.co/datasets/Ehsanrs2/Forex_Factory_Calendar/resolve/main/forex_factory_cache.csv,True
2017-05-04,2017-05-04T19:30:00+00:00,unemployment,Unemployment Rate,United States,4.4,4.6,4.5,,percent,High Impact Expected,,,ForexFactory,https://www.forexfactory.com/calendar,ForexFactory,https://huggingface.co/datasets/Ehsanrs2/Forex_Factory_Calendar/resolve/main/forex_factory_cache.csv,True
2017-05-11,2017-05-11T19:30:00+00:00,cpi,CPI m/m,United States,0.2,0.3,-0.3,,percent,High Impact Expected,,,ForexFactory,https://www.forexfactory.com/calendar,ForexFactory,https://huggingface.co/datasets/Ehsanrs2/Forex_Factory_Calendar/resolve/main/forex_factory_cache.csv,True
2017-05-11,2017-05-11T19:30:00+00:00,retail_sales,Retail Sales m/m,United States,0.4,0.6,0.1,,percent,High Impact Expected,,,ForexFactory,https://www.forexfactory.com/calendar,ForexFactory,https://huggingface.co/datasets/Ehsanrs2/Forex_Factory_Calendar/resolve/main/forex_factory_cache.csv,True
2017-05-12,2017-05-12T12:30:00+00:00,core_cpi,Core CPI m/m,United States,0.1,0.2,-0.1,,percent,High Impact Expected,,,ForexFactory,https://www.forexfactory.com/calendar,ForexFactory,https://huggingface.co/datasets/Ehsanrs2/Forex_Factory_Calendar/resolve/main/forex_factory_cache.csv,True
2017-06-01,2017-06-01T19:30:00+00:00,nfp,Non-Farm Employment Change,United States,138000.0,181000.0,174000.0,,persons,High Impact Expected,,,ForexFactory,https://www.forexfactory.com/calendar,ForexFactory,https://huggingface.co/datasets/Ehsanrs2/Forex_Factory_Calendar/resolve/main/forex_factory_cache.csv,True
2017-06-01,2017-06-01T14:00:00+00:00,pmi,ISM Manufacturing PMI,United States,54.9,54.7,54.8,,index,High Impact Expected,,,ForexFactory,https://www.forexfactory.com/calendar,ForexFactory,https://huggingface.co/datasets/Ehsanrs2/Forex_Factory_Calendar/resolve/main/forex_factory_cache.csv,True
2017-06-01,2017-06-01T19:30:00+00:00,unemployment,Unemployment Rate,United States,4.3,4.4,4.4,,percent,High Impact Expected,,,ForexFactory,https://www.forexfactory.com/calendar,ForexFactory,https://huggingface.co/datasets/Ehsanrs2/Forex_Factory_Calendar/resolve/main/forex_factory_cache.csv,True
2017-06-13,2017-06-13T19:30:00+00:00,cpi,CPI m/m,United States,-0.1,0.2,0.2,,percent,High Impact Expected,,,ForexFactory,https://www.forexfactory.com/calendar,ForexFactory,https://huggingface.co/datasets/Ehsanrs2/Forex_Factory_Calendar/resolve/main/forex_factory_cache.csv,True
2017-06-13,2017-06-13T19:30:00+00:00,retail_sales,Retail Sales m/m,United States,-0.3,0.1,0.4,,percent,High Impact Expected,,,ForexFactory,https://www.forexfactory.com/calendar,ForexFactory,https://huggingface.co/datasets/Ehsanrs2/Forex_Factory_Calendar/resolve/main/forex_factory_cache.csv,True
2017-06-14,2017-06-14T12:30:00+00:00,core_cpi,Core CPI m/m,United States,0.1,0.2,0.1,,percent,High Impact Expected,,,ForexFactory,https://www.forexfactory.com/calendar,ForexFactory,https://huggingface.co/datasets/Ehsanrs2/Forex_Factory_Calendar/resolve/main/forex_factory_cache.csv,True
2017-07-03,2017-07-03T14:00:00+00:00,pmi,ISM Manufacturing PMI,United States,57.8,55.0,54.9,,index,High Impact Expected,,,ForexFactory,https://www.forexfactory.com/calendar,ForexFactory,https://huggingface.co/datasets/Ehsanrs2/Forex_Factory_Calendar/resolve/main/forex_factory_cache.csv,True
2017-07-06,2017-07-06T19:30:00+00:00,nfp,Non-Farm Employment Change,United States,222000.0,175000.0,152000.0,,persons,High Impact Expected,,,ForexFactory,https://www.forexfactory.com/calendar,ForexFactory,https://huggingface.co/datasets/Ehsanrs2/Forex_Factory_Calendar/resolve/main/forex_factory_cache.csv,True
2017-07-06,2017-07-06T19:30:00+00:00,unemployment,Unemployment Rate,United States,4.4,4.3,4.3,,percent,High Impact Expected,,,ForexFactory,https://www.forexfactory.com/calendar,ForexFactory,https://huggingface.co/datasets/Ehsanrs2/Forex_Factory_Calendar/resolve/main/forex_factory_cache.csv,True
2017-07-13,2017-07-13T19:30:00+00:00,cpi,CPI m/m,United States,0.0,0.1,-0.1,,percent,High Impact Expected,,,ForexFactory,https://www.forexfactory.com/calendar,ForexFactory,https://huggingface.co/datasets/Ehsanrs2/Forex_Factory_Calendar/resolve/main/forex_factory_cache.csv,True
2017-07-13,2017-07-13T19:30:00+00:00,retail_sales,Retail Sales m/m,United States,-0.2,0.1,-0.1,,percent,High Impact Expected,,,ForexFactory,https://www.forexfactory.com/calendar,ForexFactory,https://huggingface.co/datasets/Ehsanrs2/Forex_Factory_Calendar/resolve/main/forex_factory_cache.csv,True
2017-07-14,2017-07-14T12:30:00+00:00,core_cpi,Core CPI m/m,United States,0.1,0.2,0.1,,percent,High Impact Expected,,,ForexFactory,https://www.forexfactory.com/calendar,ForexFactory,https://huggingface.co/datasets/Ehsanrs2/Forex_Factory_Calendar/resolve/main/forex_factory_cache.csv,True
2017-07-27,2017-07-27T19:30:00+00:00,gdp,Advance GDP q/q,United States,2.6,2.5,1.4,,percent,High Impact Expected,,,ForexFactory,https://www.forexfactory.com/calendar,ForexFactory,https://huggingface.co/datasets/Ehsanrs2/Forex_Factory_Calendar/resolve/main/forex_factory_cache.csv,True
2017-08-01,2017-08-01T14:00:00+00:00,pmi,ISM Manufacturing PMI,United States,56.3,56.4,57.8,,index,High Impact Expected,,,ForexFactory,https://www.forexfactory.com/calendar,ForexFactory,https://huggingface.co/datasets/Ehsanrs2/Forex_Factory_Calendar/resolve/main/forex_factory_cache.csv,True
2017-08-03,2017-08-03T19:30:00+00:00,nfp,Non-Farm Employment Change,United States,209000.0,182000.0,231000.0,,persons,High Impact Expected,,,ForexFactory,https://www.forexfactory.com/calendar,ForexFactory,https://huggingface.co/datasets/Ehsanrs2/Forex_Factory_Calendar/resolve/main/forex_factory_cache.csv,True
2017-08-03,2017-08-03T19:30:00+00:00,unemployment,Unemployment Rate,United States,4.3,4.3,4.4,,percent,High Impact Expected,,,ForexFactory,https://www.forexfactory.com/calendar,ForexFactory,https://huggingface.co/datasets/Ehsanrs2/Forex_Factory_Calendar/resolve/main/forex_factory_cache.csv,True
2017-08-10,2017-08-10T19:30:00+00:00,cpi,CPI m/m,United States,0.1,0.2,0.0,,percent,High Impact Expected,,,ForexFactory,https://www.forexfactory.com/calendar,ForexFactory,https://huggingface.co/datasets/Ehsanrs2/Forex_Factory_Calendar/resolve/main/forex_factory_cache.csv,True
2017-08-11,2017-08-11T12:30:00+00:00,core_cpi,Core CPI m/m,United States,0.1,0.2,0.1,,percent,High Impact Expected,,,ForexFactory,https://www.forexfactory.com/calendar,ForexFactory,https://huggingface.co/datasets/Ehsanrs2/Forex_Factory_Calendar/resolve/main/forex_factory_cache.csv,True
2017-08-14,2017-08-14T19:30:00+00:00,retail_sales,Retail Sales m/m,United States,0.6,0.3,0.3,,percent,High Impact Expected,,,ForexFactory,https://www.forexfactory.com/calendar,ForexFactory,https://huggingface.co/datasets/Ehsanrs2/Forex_Factory_Calendar/resolve/main/forex_factory_cache.csv,True
2017-08-31,2017-08-31T19:30:00+00:00,nfp,Non-Farm Employment Change,United States,156000.0,180000.0,189000.0,,persons,High Impact Expected,,,ForexFactory,https://www.forexfactory.com/calendar,ForexFactory,https://huggingface.co/datasets/Ehsanrs2/Forex_Factory_Calendar/resolve/main/forex_factory_cache.csv,True
2017-08-31,2017-08-31T19:30:00+00:00,unemployment,Unemployment Rate,United States,4.4,4.3,4.3,,percent,High Impact Expected,,,ForexFactory,https://www.forexfactory.com/calendar,ForexFactory,https://huggingface.co/datasets/Ehsanrs2/Forex_Factory_Calendar/resolve/main/forex_factory_cache.csv,True
2017-09-01,2017-09-01T14:00:00+00:00,pmi,ISM Manufacturing PMI,United States,58.8,56.5,56.3,,index,High Impact Expected,,,ForexFactory,https://www.forexfactory.com/calendar,ForexFactory,https://huggingface.co/datasets/Ehsanrs2/Forex_Factory_Calendar/resolve/main/forex_factory_cache.csv,True
2017-09-13,2017-09-13T19:30:00+00:00,core_cpi,Core CPI m/m,United States,0.2,0.2,0.1,,percent,High Impact Expected,,,ForexFactory,https://www.forexfactory.com/calendar,ForexFactory,https://huggingface.co/datasets/Ehsanrs2/Forex_Factory_Calendar/resolve/main/forex_factory_cache.csv,True
2017-09-13,2017-09-13T19:30:00+00:00,cpi,CPI m/m,United States,0.4,0.3,0.1,,percent,High Impact Expected,,,ForexFactory,https://www.forexfactory.com/calendar,ForexFactory,https://huggingface.co/datasets/Ehsanrs2/Forex_Factory_Calendar/resolve/main/forex_factory_cache.csv,True
2017-09-14,2017-09-14T19:30:00+00:00,retail_sales,Retail Sales m/m,United States,-0.2,0.1,0.3,,percent,High Impact Expected,,,ForexFactory,https://www.forexfactory.com/calendar,ForexFactory,https://huggingface.co/datasets/Ehsanrs2/Forex_Factory_Calendar/resolve/main/forex_factory_cache.csv,True
2017-10-02,2017-10-02T14:00:00+00:00,pmi,ISM Manufacturing PMI,United States,60.8,57.9,58.8,,index,High Impact Expected,,,ForexFactory,https://www.forexfactory.com/calendar,ForexFactory,https://huggingface.co/datasets/Ehsanrs2/Forex_Factory_Calendar/resolve/main/forex_factory_cache.csv,True
2017-10-05,2017-10-05T20:30:00+00:00,nfp,Non-Farm Employment Change,United States,-33000.0,82000.0,169000.0,,persons,High Impact Expected,,,ForexFactory,https://www.forexfactory.com/calendar,ForexFactory,https://huggingface.co/datasets/Ehsanrs2/Forex_Factory_Calendar/resolve/main/forex_factory_cache.csv,True
2017-10-05,2017-10-05T20:30:00+00:00,unemployment,Unemployment Rate,United States,4.2,4.4,4.4,,percent,High Impact Expected,,,ForexFactory,https://www.forexfactory.com/calendar,ForexFactory,https://huggingface.co/datasets/Ehsanrs2/Forex_Factory_Calendar/resolve/main/forex_factory_cache.csv,True
2017-10-12,2017-10-12T20:30:00+00:00,cpi,CPI m/m,United States,0.5,0.6,0.4,,percent,High Impact Expected,,,ForexFactory,https://www.forexfactory.com/calendar,ForexFactory,https://huggingface.co/datasets/Ehsanrs2/Forex_Factory_Calendar/resolve/main/forex_factory_cache.csv,True
2017-10-12,2017-10-12T20:30:00+00:00,retail_sales,Retail Sales m/m,United States,1.6,1.7,-0.1,,percent,High Impact Expected,,,ForexFactory,https://www.forexfactory.com/calendar,ForexFactory,https://huggingface.co/datasets/Ehsanrs2/Forex_Factory_Calendar/resolve/main/forex_factory_cache.csv,True
2017-10-13,2017-10-13T12:30:00+00:00,core_cpi,Core CPI m/m,United States,0.1,0.2,0.2,,percent,High Impact Expected,,,ForexFactory,https://www.forexfactory.com/calendar,ForexFactory,https://huggingface.co/datasets/Ehsanrs2/Forex_Factory_Calendar/resolve/main/forex_factory_cache.csv,True
2017-10-27,2017-10-27T12:30:00+00:00,gdp,Advance GDP q/q,United States,3.0,2.6,3.1,,percent,High Impact Expected,,,ForexFactory,https://www.forexfactory.com/calendar,ForexFactory,https://huggingface.co/datasets/Ehsanrs2/Forex_Factory_Calendar/resolve/main/forex_factory_cache.csv,True
2017-11-01,2017-11-01T14:00:00+00:00,pmi,ISM Manufacturing PMI,United States,58.7,59.5,60.8,,index,High Impact Expected,,,ForexFactory,https://www.forexfactory.com/calendar,ForexFactory,https://huggingface.co/datasets/Ehsanrs2/Forex_Factory_Calendar/resolve/main/forex_factory_cache.csv,True
2017-11-02,2017-11-02T20:30:00+00:00,nfp,Non-Farm Employment Change,United States,261000.0,312000.0,18000.0,,persons,High Impact Expected,,,ForexFactory,https://www.forexfactory.com/calendar,ForexFactory,https://huggingface.co/datasets/Ehsanrs2/Forex_Factory_Calendar/resolve/main/forex_factory_cache.csv,True
2017-11-02,2017-11-02T20:30:00+00:00,unemployment,Unemployment Rate,United States,4.1,4.2,4.2,,percent,High Impact Expected,,,ForexFactory,https://www.forexfactory.com/calendar,ForexFactory,https://huggingface.co/datasets/Ehsanrs2/Forex_Factory_Calendar/resolve/main/forex_factory_cache.csv,True
2017-11-14,2017-11-14T20:30:00+00:00,cpi,CPI m/m,United States,0.1,0.1,0.5,,percent,High Impact Expected,,,ForexFactory,https://www.forexfactory.com/calendar,ForexFactory,https://huggingface.co/datasets/Ehsanrs2/Forex_Factory_Calendar/resolve/main/forex_factory_cache.csv,True
2017-11-14,2017-11-14T20:30:00+00:00,retail_sales,Retail Sales m/m,United States,0.2,0.0,1.9,,percent,High Impact Expected,,,ForexFactory,https://www.forexfactory.com/calendar,ForexFactory,https://huggingface.co/datasets/Ehsanrs2/Forex_Factory_Calendar/resolve/main/forex_factory_cache.csv,True
2017-11-15,2017-11-15T13:30:00+00:00,core_cpi,Core CPI m/m,United States,0.2,0.2,0.1,,percent,High Impact Expected,,,ForexFactory,https://www.forexfactory.com/calendar,ForexFactory,https://huggingface.co/datasets/Ehsanrs2/Forex_Factory_Calendar/resolve/main/forex_factory_cache.csv,True
2017-12-01,2017-12-01T15:00:00+00:00,pmi,ISM Manufacturing PMI,United States,58.2,58.4,58.7,,index,High Impact Expected,,,ForexFactory,https://www.forexfactory.com/calendar,ForexFactory,https://huggingface.co/datasets/Ehsanrs2/Forex_Factory_Calendar/resolve/main/forex_factory_cache.csv,True
2017-12-07,2017-12-07T20:30:00+00:00,nfp,Non-Farm Employment Change,United States,228000.0,198000.0,244000.0,,persons,High Impact Expected,,,ForexFactory,https://www.forexfactory.com/calendar,ForexFactory,https://huggingface.co/datasets/Ehsanrs2/Forex_Factory_Calendar/resolve/main/forex_factory_cache.csv,True
2017-12-07,2017-12-07T20:30:00+00:00,unemployment,Unemployment Rate,United States,4.1,4.1,4.1,,percent,High Impact Expected,,,ForexFactory,https://www.forexfactory.com/calendar,ForexFactory,https://huggingface.co/datasets/Ehsanrs2/Forex_Factory_Calendar/resolve/main/forex_factory_cache.csv,True
2017-12-12,2017-12-12T20:30:00+00:00,cpi,CPI m/m,United States,0.4,0.4,0.1,,percent,High Impact Expected,,,ForexFactory,https://www.forexfactory.com/calendar,ForexFactory,https://huggingface.co/datasets/Ehsanrs2/Forex_Factory_Calendar/resolve/main/forex_factory_cache.csv,True
2017-12-13,2017-12-13T13:30:00+00:00,core_cpi,Core CPI m/m,United States,0.1,0.2,0.2,,percent,High Impact Expected,,,ForexFactory,https://www.forexfactory.com/calendar,ForexFactory,https://huggingface.co/datasets/Ehsanrs2/Forex_Factory_Calendar/resolve/main/forex_factory_cache.csv,True
2017-12-13,2017-12-13T20:30:00+00:00,retail_sales,Retail Sales m/m,United States,0.8,0.3,0.5,,percent,High Impact Expected,,,ForexFactory,https://www.forexfactory.com/calendar,ForexFactory,https://huggingface.co/datasets/Ehsanrs2/Forex_Factory_Calendar/resolve/main/forex_factory_cache.csv,True
2018-01-03,2018-01-03T15:00:00+00:00,pmi,ISM Manufacturing PMI,United States,59.7,58.1,58.2,,index,High Impact Expected,,,ForexFactory,https://www.forexfactory.com/calendar,ForexFactory,https://huggingface.co/datasets/Ehsanrs2/Forex_Factory_Calendar/resolve/main/forex_factory_cache.csv,True
2018-01-04,2018-01-04T20:30:00+00:00,nfp,Non-Farm Employment Change,United States,148000.0,190000.0,252000.0,,persons,High Impact Expected,,,ForexFactory,https://www.forexfactory.com/calendar,ForexFactory,https://huggingface.co/datasets/Ehsanrs2/Forex_Factory_Calendar/resolve/main/forex_factory_cache.csv,True
2018-01-04,2018-01-04T20:30:00+00:00,unemployment,Unemployment Rate,United States,4.1,4.1,4.1,,percent,High Impact Expected,,,ForexFactory,https://www.forexfactory.com/calendar,ForexFactory,https://huggingface.co/datasets/Ehsanrs2/Forex_Factory_Calendar/resolve/main/forex_factory_cache.csv,True
2018-01-11,2018-01-11T20:30:00+00:00,cpi,CPI m/m,United States,0.1,0.1,0.4,,percent,High Impact Expected,,,ForexFactory,https://www.forexfactory.com/calendar,ForexFactory,https://huggingface.co/datasets/Ehsanrs2/Forex_Factory_Calendar/resolve/main/forex_factory_cache.csv,True
2018-01-11,2018-01-11T20:30:00+00:00,retail_sales,Retail Sales m/m,United States,0.4,0.5,0.9,,percent,High Impact Expected,,,ForexFactory,https://www.forexfactory.com/calendar,ForexFactory,https://huggingface.co/datasets/Ehsanrs2/Forex_Factory_Calendar/resolve/main/forex_factory_cache.csv,True
2018-01-12,2018-01-12T13:30:00+00:00,core_cpi,Core CPI m/m,United States,0.3,0.2,0.1,,percent,High Impact Expected,,,ForexFactory,https://www.forexfactory.com/calendar,ForexFactory,https://huggingface.co/datasets/Ehsanrs2/Forex_Factory_Calendar/resolve/main/forex_factory_cache.csv,True
2018-01-25,2018-01-25T20:30:00+00:00,gdp,Advance GDP q/q,United States,2.6,3.0,3.2,,percent,High Impact Expected,,,ForexFactory,https://www.forexfactory.com/calendar,ForexFactory,https://huggingface.co/datasets/Ehsanrs2/Forex_Factory_Calendar/resolve/main/forex_factory_cache.csv,True
2018-02-01,2018-02-01T20:30:00+00:00,nfp,Non-Farm Employment Change,United States,200000.0,181000.0,160000.0,,persons,High Impact Expected,,,ForexFactory,https://www.forexfactory.com/calendar,ForexFactory,https://huggingface.co/datasets/Ehsanrs2/Forex_Factory_Calendar/resolve/main/forex_factory_cache.csv,True
2018-02-01,2018-02-01T15:00:00+00:00,pmi,ISM Manufacturing PMI,United States,59.1,58.7,59.7,,index,High Impact Expected,,,ForexFactory,https://www.forexfactory.com/calendar,ForexFactory,https://huggingface.co/datasets/Ehsanrs2/Forex_Factory_Calendar/resolve/main/forex_factory_cache.csv,True
2018-02-01,2018-02-01T20:30:00+00:00,unemployment,Unemployment Rate,United States,4.1,4.1,4.1,,percent,High Impact Expected,,,ForexFactory,https://www.forexfactory.com/calendar,ForexFactory,https://huggingface.co/datasets/Ehsanrs2/Forex_Factory_Calendar/resolve/main/forex_factory_cache.csv,True
2018-02-13,2018-02-13T20:30:00+00:00,cpi,CPI m/m,United States,0.5,0.3,0.1,,percent,High Impact Expected,,,ForexFactory,https://www.forexfactory.com/calendar,ForexFactory,https://huggingface.co/datasets/Ehsanrs2/Forex_Factory_Calendar/resolve/main/forex_factory_cache.csv,True
2018-02-13,2018-02-13T20:30:00+00:00,retail_sales,Retail Sales m/m,United States,-0.3,0.2,0.0,,percent,High Impact Expected,,,ForexFactory,https://www.forexfactory.com/calendar,ForexFactory,https://huggingface.co/datasets/Ehsanrs2/Forex_Factory_Calendar/resolve/main/forex_factory_cache.csv,True
2018-02-14,2018-02-14T13:30:00+00:00,core_cpi,Core CPI m/m,United States,0.3,0.2,0.3,,percent,High Impact Expected,,,ForexFactory,https://www.forexfactory.com/calendar,ForexFactory,https://huggingface.co/datasets/Ehsanrs2/Forex_Factory_Calendar/resolve/main/forex_factory_cache.csv,True
2018-02-28,2018-02-28T20:30:00+00:00,pmi,ISM Manufacturing PMI,United States,60.8,58.7,59.1,,index,High Impact Expected,,,ForexFactory,https://www.forexfactory.com/calendar,ForexFactory,https://huggingface.co/datasets/Ehsanrs2/Forex_Factory_Calendar/resolve/main/forex_factory_cache.csv,True
2018-03-08,2018-03-08T20:30:00+00:00,nfp,Non-Farm Employment Change,United States,313000.0,205000.0,239000.0,,persons,High Impact Expected,,,ForexFactory,https://www.forexfactory.com/calendar,ForexFactory,https://huggingface.co/datasets/Ehsanrs2/Forex_Factory_Calendar/resolve/main/forex_factory_cache.csv,True
2018-03-08,2018-03-08T20:30:00+00:00,unemployment,Unemployment Rate,United States,4.1,4.0,4.1,,percent,High Impact Expected,,,ForexFactory,https://www.forexfactory.com/calendar,ForexFactory,https://huggingface.co/datasets/Ehsanrs2/Forex_Factory_Calendar/resolve/main/forex_factory_cache.csv,True
2018-03-12,2018-03-12T20:30:00+00:00,core_cpi,Core CPI m/m,United States,0.2,0.2,0.3,,percent,High Impact Expected,,,ForexFactory,https://www.forexfactory.com/calendar,ForexFactory,https://huggingface.co/datasets/Ehsanrs2/Forex_Factory_Calendar/resolve/main/forex_factory_cache.csv,True
2018-03-12,2018-03-12T20:30:00+00:00,cpi,CPI m/m,United States,0.2,0.2,0.5,,percent,High Impact Expected,,,ForexFactory,https://www.forexfactory.com/calendar,ForexFactory,https://huggingface.co/datasets/Ehsanrs2/Forex_Factory_Calendar/resolve/main/forex_factory_cache.csv,True
2018-03-13,2018-03-13T20:30:00+00:00,retail_sales,Retail Sales m/m,United States,-0.1,0.3,-0.1,,percent,High Impact Expected,,,ForexFactory,https://www.forexfactory.com/calendar,ForexFactory,https://huggingface.co/datasets/Ehsanrs2/Forex_Factory_Calendar/resolve/main/forex_factory_cache.csv,True
2018-04-02,2018-04-02T14:00:00+00:00,pmi,ISM Manufacturing PMI,United States,59.3,60.1,60.8,,index,High Impact Expected,,,ForexFactory,https://www.forexfactory.com/calendar,ForexFactory,https://huggingface.co/datasets/Ehsanrs2/Forex_Factory_Calendar/resolve/main/forex_factory_cache.csv,True
2018-04-05,2018-04-05T19:30:00+00:00,nfp,Non-Farm Employment Change,United States,103000.0,188000.0,326000.0,,persons,High Impact Expected,,,ForexFactory,https://www.forexfactory.com/calendar,ForexFactory,https://huggingface.co/datasets/Ehsanrs2/Forex_Factory_Calendar/resolve/main/forex_factory_cache.csv,True
2018-04-05,2018-04-05T19:30:00+00:00,unemployment,Unemployment Rate,United States,4.1,4.0,4.1,,percent,High Impact Expected,,,ForexFactory,https://www.forexfactory.com/calendar,ForexFactory,https://huggingface.co/datasets/Ehsanrs2/Forex_Factory_Calendar/resolve/main/forex_factory_cache.csv,True
2018-04-10,2018-04-10T19:30:00+00:00,cpi,CPI m/m,United States,-0.1,0.0,0.2,,percent,High Impact Expected,,,ForexFactory,https://www.forexfactory.com/calendar,ForexFactory,https://huggingface.co/datasets/Ehsanrs2/Forex_Factory_Calendar/resolve/main/forex_factory_cache.csv,True
2018-04-11,2018-04-11T12:30:00+00:00,core_cpi,Core CPI m/m,United States,0.2,0.2,0.2,,percent,High Impact Expected,,,ForexFactory,https://www.forexfactory.com/calendar,ForexFactory,https://huggingface.co/datasets/Ehsanrs2/Forex_Factory_Calendar/resolve/main/forex_factory_cache.csv,True
2018-04-15,2018-04-15T19:30:00+00:00,retail_sales,Retail Sales m/m,United States,0.6,0.4,-0.1,,percent,High Impact Expected,,,ForexFactory,https://www.forexfactory.com/calendar,ForexFactory,https://huggingface.co/datasets/Ehsanrs2/Forex_Factory_Calendar/resolve/main/forex_factory_cache.csv,True
2018-04-27,2018-04-27T12:30:00+00:00,gdp,Advance GDP q/q,United States,2.3,2.0,2.9,,percent,High Impact Expected,,,ForexFactory,https://www.forexfactory.com/calendar,ForexFactory,https://huggingface.co/datasets/Ehsanrs2/Forex_Factory_Calendar/resolve/main/forex_factory_cache.csv,True
2018-05-01,2018-05-01T14:00:00+00:00,pmi,ISM Manufacturing PMI,United States,57.3,58.4,59.3,,index,High Impact Expected,,,ForexFactory,https://www.forexfactory.com/calendar,ForexFactory,https://huggingface.co/datasets/Ehsanrs2/Forex_Factory_Calendar/resolve/main/forex_factory_cache.csv,True
2018-05-03,2018-05-03T19:30:00+00:00,nfp,Non-Farm Employment Change,United States,164000.0,190000.0,135000.0,,persons,High Impact Expected,,,ForexFactory,https://www.forexfactory.com/calendar,ForexFactory,https://huggingface.co/datasets/Ehsanrs2/Forex_Factory_Calendar/resolve/main/forex_factory_cache.csv,True
2018-05-03,2018-05-03T19:30:00+00:00,unemployment,Unemployment Rate,United States,3.9,4.0,4.1,,percent,High Impact Expected,,,ForexFactory,https://www.forexfactory.com/calendar,ForexFactory,https://huggingface.co/datasets/Ehsanrs2/Forex_Factory_Calendar/resolve/main/forex_factory_cache.csv,True
2018-05-09,2018-05-09T19:30:00+00:00,core_cpi,Core CPI m/m,United States,0.1,0.2,0.2,,percent,High Impact Expected,,,ForexFactory,https://www.forexfactory.com/calendar,ForexFactory,https://huggingface.co/datasets/Ehsanrs2/Forex_Factory_Calendar/resolve/main/forex_factory_cache.csv,True
2018-05-09,2018-05-09T19:30:00+00:00,cpi,CPI m/m,United States,0.2,0.3,-0.1,,percent,High Impact Expected,,,ForexFactory,https://www.forexfactory.com/calendar,ForexFactory,https://huggingface.co/datasets/Ehsanrs2/Forex_Factory_Calendar/resolve/main/forex_factory_cache.csv,True
2018-05-14,2018-05-14T19:30:00+00:00,retail_sales,Retail Sales m/m,United States,0.3,0.4,0.8,,percent,High Impact Expected,,,ForexFactory,https://www.forexfactory.com/calendar,ForexFactory,https://huggingface.co/datasets/Ehsanrs2/Forex_Factory_Calendar/resolve/main/forex_factory_cache.csv,True
2018-05-31,2018-05-31T19:30:00+00:00,nfp,Non-Farm Employment Change,United States,223000.0,189000.0,159000.0,,persons,High Impact Expected,,,ForexFactory,https://www.forexfactory.com/calendar,ForexFactory,https://huggingface.co/datasets/Ehsanrs2/Forex_Factory_Calendar/resolve/main/forex_factory_cache.csv,True
2018-05-31,2018-05-31T19:30:00+00:00,unemployment,Unemployment Rate,United States,3.8,3.9,3.9,,percent,High Impact Expected,,,ForexFactory,https://www.forexfactory.com/calendar,ForexFactory,https://huggingface.co/datasets/Ehsanrs2/Forex_Factory_Calendar/resolve/main/forex_factory_cache.csv,True
2018-06-01,2018-06-01T14:00:00+00:00,pmi,ISM Manufacturing PMI,United States,58.7,58.3,57.3,,index,High Impact Expected,,,ForexFactory,https://www.forexfactory.com/calendar,ForexFactory,https://huggingface.co/datasets/Ehsanrs2/Forex_Factory_Calendar/resolve/main/forex_factory_cache.csv,True
2018-06-11,2018-06-11T19:30:00+00:00,cpi,CPI m/m,United States,0.2,0.2,0.2,,percent,High Impact Expected,,,ForexFactory,https://www.forexfactory.com/calendar,ForexFactory,https://huggingface.co/datasets/Ehsanrs2/Forex_Factory_Calendar/resolve/main/forex_factory_cache.csv,True
2018-06-12,2018-06-12T12:30:00+00:00,core_cpi,Core CPI m/m,United States,0.2,0.1,0.1,,percent,High Impact Expected,,,ForexFactory,https://www.forexfactory.com/calendar,ForexFactory,https://huggingface.co/datasets/Ehsanrs2/Forex_Factory_Calendar/resolve/main/forex_factory_cache.csv,True
2018-06-13,2018-06-13T19:30:00+00:00,retail_sales,Retail Sales m/m,United States,0.8,0.4,0.4,,percent,High Impact Expected,,,ForexFactory,https://www.forexfactory.com/calendar,ForexFactory,https://huggingface.co/datasets/Ehsanrs2/Forex_Factory_Calendar/resolve/main/forex_factory_cache.csv,True
2018-07-02,2018-07-02T14:00:00+00:00,pmi,ISM Manufacturing PMI,United States,60.2,58.2,58.7,,index,High Impact Expected,,,ForexFactory,https://www.forexfactory.com/calendar,ForexFactory,https://huggingface.co/datasets/Ehsanrs2/Forex_Factory_Calendar/resolve/main/forex_factory_cache.csv,True
2018-07-05,2018-07-05T19:30:00+00:00,nfp,Non-Farm Employment Change,United States,213000.0,195000.0,244000.0,,persons,High Impact Expected,,,ForexFactory,https://www.forexfactory.com/calendar,ForexFactory,https://huggingface.co/datasets/Ehsanrs2/Forex_Factory_Calendar/resolve/main/forex_factory_cache.csv,True
2018-07-05,2018-07-05T19:30:00+00:00,unemployment,Unemployment Rate,United States,4.0,3.8,3.8,,percent,High Impact Expected,,,ForexFactory,https://www.forexfactory.com/calendar,ForexFactory,https://huggingface.co/datasets/Ehsanrs2/Forex_Factory_Calendar/resolve/main/forex_factory_cache.csv,True
2018-07-11,2018-07-11T19:30:00+00:00,core_cpi,Core CPI m/m,United States,0.2,0.2,0.2,,percent,High Impact Expected,,,ForexFactory,https://www.forexfactory.com/calendar,ForexFactory,https://huggingface.co/datasets/Ehsanrs2/Forex_Factory_Calendar/resolve/main/forex_factory_cache.csv,True
2018-07-11,2018-07-11T19:30:00+00:00,cpi,CPI m/m,United States,0.1,0.2,0.2,,percent,High Impact Expected,,,ForexFactory,https://www.forexfactory.com/calendar,ForexFactory,https://huggingface.co/datasets/Ehsanrs2/Forex_Factory_Calendar/resolve/main/forex_factory_cache.csv,True
2018-07-15,2018-07-15T19:30:00+00:00,retail_sales,Retail Sales m/m,United States,0.5,0.4,1.3,,percent,High Impact Expected,,,ForexFactory,https://www.forexfactory.com/calendar,ForexFactory,https://huggingface.co/datasets/Ehsanrs2/Forex_Factory_Calendar/resolve/main/forex_factory_cache.csv,True
2018-07-27,2018-07-27T12:30:00+00:00,gdp,Advance GDP q/q,United States,4.1,4.2,2.0,,percent,High Impact Expected,,,ForexFactory,https://www.forexfactory.com/calendar,ForexFactory,https://huggingface.co/datasets/Ehsanrs2/Forex_Factory_Calendar/resolve/main/forex_factory_cache.csv,True
2018-08-01,2018-08-01T14:00:00+00:00,pmi,ISM Manufacturing PMI,United States,58.1,59.4,60.2,,index,High Impact Expected,,,ForexFactory,https://www.forexfactory.com/calendar,ForexFactory,https://huggingface.co/datasets/Ehsanrs2/Forex_Factory_Calendar/resolve/main/forex_factory_cache.csv,True
2018-08-02,2018-08-02T19:30:00+00:00,nfp,Non-Farm Employment Change,United States,157000.0,191000.0,248000.0,,persons,High Impact Expected,,,ForexFactory,https://www.forexfactory.com/calendar,ForexFactory,https://huggingface.co/datasets/Ehsanrs2/Forex_Factory_Calendar/resolve/main/forex_factory_cache.csv,True
2018-08-02,2018-08-02T19:30:00+00:00,unemployment,Unemployment Rate,United States,3.9,3.9,4.0,,percent,High Impact Expected,,,ForexFactory,https://www.forexfactory.com/calendar,ForexFactory,https://huggingface.co/datasets/Ehsanrs2/Forex_Factory_Calendar/resolve/main/forex_factory_cache.csv,True
2018-08-09,2018-08-09T19:30:00+00:00,core_cpi,Core CPI m/m,United States,0.2,0.2,0.2,,percent,High Impact Expected,,,ForexFactory,https://www.forexfactory.com/calendar,ForexFactory,https://huggingface.co/datasets/Ehsanrs2/Forex_Factory_Calendar/resolve/main/forex_factory_cache.csv,True
2018-08-09,2018-08-09T19:30:00+00:00,cpi,CPI m/m,United States,0.2,0.2,0.1,,percent,High Impact Expected,,,ForexFactory,https://www.forexfactory.com/calendar,ForexFactory,https://huggingface.co/datasets/Ehsanrs2/Forex_Factory_Calendar/resolve/main/forex_factory_cache.csv,True
2018-08-14,2018-08-14T19:30:00+00:00,retail_sales,Retail Sales m/m,United States,0.5,0.1,0.2,,percent,High Impact Expected,,,ForexFactory,https://www.forexfactory.com/calendar,ForexFactory,https://huggingface.co/datasets/Ehsanrs2/Forex_Factory_Calendar/resolve/main/forex_factory_cache.csv,True
2018-09-04,2018-09-04T14:00:00+00:00,pmi,ISM Manufacturing PMI,United States,61.3,57.6,58.1,,index,High Impact Expected,,,ForexFactory,https://www.forexfactory.com/calendar,ForexFactory,https://huggingface.co/datasets/Ehsanrs2/Forex_Factory_Calendar/resolve/main/forex_factory_cache.csv,True
2018-09-06,2018-09-06T19:30:00+00:00,nfp,Non-Farm Employment Change,United States,201000.0,191000.0,147000.0,,persons,High Impact Expected,,,ForexFactory,https://www.forexfactory.com/calendar,ForexFactory,https://huggingface.co/datasets/Ehsanrs2/Forex_Factory_Calendar/resolve/main/forex_factory_cache.csv,True
2018-09-06,2018-09-06T19:30:00+00:00,unemployment,Unemployment Rate,United States,3.9,3.8,3.9,,percent,High Impact Expected,,,ForexFactory,https://www.forexfactory.com/calendar,ForexFactory,https://huggingface.co/datasets/Ehsanrs2/Forex_Factory_Calendar/resolve/main/forex_factory_cache.csv,True
2018-09-12,2018-09-12T19:30:00+00:00,core_cpi,Core CPI m/m,United States,0.1,0.2,0.2,,percent,High Impact Expected,,,ForexFactory,https://www.forexfactory.com/calendar,ForexFactory,https://huggingface.co/datasets/Ehsanrs2/Forex_Factory_Calendar/resolve/main/forex_factory_cache.csv,True
2018-09-12,2018-09-12T19:30:00+00:00,cpi,CPI m/m,United States,0.2,0.3,0.2,,percent,High Impact Expected,,,ForexFactory,https://www.forexfactory.com/calendar,ForexFactory,https://huggingface.co/datasets/Ehsanrs2/Forex_Factory_Calendar/resolve/main/forex_factory_cache.csv,True
2018-09-13,2018-09-13T19:30:00+00:00,retail_sales,Retail Sales m/m,United States,0.1,0.4,0.7,,percent,High Impact Expected,,,ForexFactory,https://www.forexfactory.com/calendar,ForexFactory,https://huggingface.co/datasets/Ehsanrs2/Forex_Factory_Calendar/resolve/main/forex_factory_cache.csv,True
2018-10-01,2018-10-01T14:00:00+00:00,pmi,ISM Manufacturing PMI,United States,59.8,60.1,61.3,,index,High Impact Expected,,,ForexFactory,https://www.forexfactory.com/calendar,ForexFactory,https://huggingface.co/datasets/Ehsanrs2/Forex_Factory_Calendar/resolve/main/forex_factory_cache.csv,True
2018-10-04,2018-10-04T20:30:00+00:00,nfp,Non-Farm Employment Change,United States,134000.0,185000.0,270000.0,,persons,High Impact Expected,,,ForexFactory,https://www.forexfactory.com/calendar,ForexFactory,https://huggingface.co/datasets/Ehsanrs2/Forex_Factory_Calendar/resolve/main/forex_factory_cache.csv,True
2018-10-04,2018-10-04T20:30:00+00:00,unemployment,Unemployment Rate,United States,3.7,3.8,3.9,,percent,High Impact Expected,,,ForexFactory,https://www.forexfactory.com/calendar,ForexFactory,https://huggingface.co/datasets/Ehsanrs2/Forex_Factory_Calendar/resolve/main/forex_factory_cache.csv,True
2018-10-10,2018-10-10T20:30:00+00:00,core_cpi,Core CPI m/m,United States,0.1,0.2,0.1,,percent,High Impact Expected,,,ForexFactory,https://www.forexfactory.com/calendar,ForexFactory,https://huggingface.co/datasets/Ehsanrs2/Forex_Factory_Calendar/resolve/main/forex_factory_cache.csv,True
2018-10-10,2018-10-10T20:30:00+00:00,cpi,CPI m/m,United States,0.1,0.2,0.2,,percent,High Impact Expected,,,ForexFactory,https://www.forexfactory.com/calendar,ForexFactory,https://huggingface.co/datasets/Ehsanrs2/Forex_Factory_Calendar/resolve/main/forex_factory_cache.csv,True
2018-10-14,2018-10-14T20:30:00+00:00,retail_sales,Retail Sales m/m,United States,0.1,0.7,0.1,,percent,High Impact Expected,,,ForexFactory,https://www.forexfactory.com/calendar,ForexFactory,https://huggingface.co/datasets/Ehsanrs2/Forex_Factory_Calendar/resolve/main/forex_factory_cache.csv,True
2018-10-26,2018-10-26T12:30:00+00:00,gdp,Advance GDP q/q,United States,3.5,3.3,4.2,,percent,High Impact Expected,,,ForexFactory,https://www.forexfactory.com/calendar,ForexFactory,https://huggingface.co/datasets/Ehsanrs2/Forex_Factory_Calendar/resolve/main/forex_factory_cache.csv,True
2018-11-01,2018-11-01T20:30:00+00:00,nfp,Non-Farm Employment Change,United States,250000.0,194000.0,118000.0,,persons,High Impact Expected,,,ForexFactory,https://www.forexfactory.com/calendar,ForexFactory,https://huggingface.co/datasets/Ehsanrs2/Forex_Factory_Calendar/resolve/main/forex_factory_cache.csv,True
2018-11-01,2018-11-01T14:00:00+00:00,pmi,ISM Manufacturing PMI,United States,57.7,59.0,59.8,,index,High Impact Expected,,,ForexFactory,https://www.forexfactory.com/calendar,ForexFactory,https://huggingface.co/datasets/Ehsanrs2/Forex_Factory_Calendar/resolve/main/forex_factory_cache.csv,True
2018-11-01,2018-11-01T20:30:00+00:00,unemployment,Unemployment Rate,United States,3.7,3.7,3.7,,percent,High Impact Expected,,,ForexFactory,https://www.forexfactory.com/calendar,ForexFactory,https://huggingface.co/datasets/Ehsanrs2/Forex_Factory_Calendar/resolve/main/forex_factory_cache.csv,True
2018-11-13,2018-11-13T20:30:00+00:00,cpi,CPI m/m,United States,0.3,0.3,0.1,,percent,High Impact Expected,,,ForexFactory,https://www.forexfactory.com/calendar,ForexFactory,https://huggingface.co/datasets/Ehsanrs2/Forex_Factory_Calendar/resolve/main/forex_factory_cache.csv,True
2018-11-14,2018-11-14T13:30:00+00:00,core_cpi,Core CPI m/m,United States,0.2,0.2,0.1,,percent,High Impact Expected,,,ForexFactory,https://www.forexfactory.com/calendar,ForexFactory,https://huggingface.co/datasets/Ehsanrs2/Forex_Factory_Calendar/resolve/main/forex_factory_cache.csv,True
2018-11-14,2018-11-14T20:30:00+00:00,retail_sales,Retail Sales m/m,United States,0.8,0.6,-0.1,,percent,High Impact Expected,,,ForexFactory,https://www.forexfactory.com/calendar,ForexFactory,https://huggingface.co/datasets/Ehsanrs2/Forex_Factory_Calendar/resolve/main/forex_factory_cache.csv,True
2018-12-03,2018-12-03T15:00:00+00:00,pmi,ISM Manufacturing PMI,United States,59.3,57.5,57.7,,index,High Impact Expected,,,ForexFactory,https://www.forexfactory.com/calendar,ForexFactory,https://huggingface.co/datasets/Ehsanrs2/Forex_Factory_Calendar/resolve/main/forex_factory_cache.csv,True
2018-12-06,2018-12-06T20:30:00+00:00,nfp,Non-Farm Employment Change,United States,155000.0,198000.0,237000.0,,persons,High Impact Expected,,,ForexFactory,https://www.forexfactory.com/calendar,ForexFactory,https://huggingface.co/datasets/Ehsanrs2/Forex_Factory_Calendar/resolve/main/forex_factory_cache.csv,True
2018-12-06,2018-12-06T20:30:00+00:00,unemployment,Unemployment Rate,United States,3.7,3.7,3.7,,percent,High Impact Expected,,,ForexFactory,https://www.forexfactory.com/calendar,ForexFactory,https://huggingface.co/datasets/Ehsanrs2/Forex_Factory_Calendar/resolve/main/forex_factory_cache.csv,True
2018-12-11,2018-12-11T20:30:00+00:00,core_cpi,Core CPI m/m,United States,0.2,0.2,0.2,,percent,High Impact Expected,,,ForexFactory,https://www.forexfactory.com/calendar,ForexFactory,https://huggingface.co/datasets/Ehsanrs2/Forex_Factory_Calendar/resolve/main/forex_factory_cache.csv,True
2018-12-11,2018-12-11T20:30:00+00:00,cpi,CPI m/m,United States,0.0,0.0,0.3,,percent,High Impact Expected,,,ForexFactory,https://www.forexfactory.com/calendar,ForexFactory,https://huggingface.co/datasets/Ehsanrs2/Forex_Factory_Calendar/resolve/main/forex_factory_cache.csv,True
2018-12-13,2018-12-13T20:30:00+00:00,retail_sales,Retail Sales m/m,United States,0.2,0.1,1.1,,percent,High Impact Expected,,,ForexFactory,https://www.forexfactory.com/calendar,ForexFactory,https://huggingface.co/datasets/Ehsanrs2/Forex_Factory_Calendar/resolve/main/forex_factory_cache.csv,True
2019-01-03,2019-01-03T20:30:00+00:00,nfp,Non-Farm Employment Change,United States,312000.0,179000.0,176000.0,,persons,High Impact Expected,,,ForexFactory,https://www.forexfactory.com/calendar,ForexFactory,https://huggingface.co/datasets/Ehsanrs2/Forex_Factory_Calendar/resolve/main/forex_factory_cache.csv,True
2019-01-03,2019-01-03T15:00:00+00:00,pmi,ISM Manufacturing PMI,United States,54.1,57.7,59.3,,index,High Impact Expected,,,ForexFactory,https://www.forexfactory.com/calendar,ForexFactory,https://huggingface.co/datasets/Ehsanrs2/Forex_Factory_Calendar/resolve/main/forex_factory_cache.csv,True
2019-01-03,2019-01-03T20:30:00+00:00,unemployment,Unemployment Rate,United States,3.9,3.7,3.7,,percent,High Impact Expected,,,ForexFactory,https://www.forexfactory.com/calendar,ForexFactory,https://huggingface.co/datasets/Ehsanrs2/Forex_Factory_Calendar/resolve/main/forex_factory_cache.csv,True
2019-01-10,2019-01-10T20:30:00+00:00,cpi,CPI m/m,United States,-0.1,-0.1,0.0,,percent,High Impact Expected,,,ForexFactory,https://www.forexfactory.com/calendar,ForexFactory,https://huggingface.co/datasets/Ehsanrs2/Forex_Factory_Calendar/resolve/main/forex_factory_cache.csv,True
2019-01-11,2019-01-11T13:30:00+00:00,core_cpi,Core CPI m/m,United States,0.2,0.2,0.2,,percent,High Impact Expected,,,ForexFactory,https://www.forexfactory.com/calendar,ForexFactory,https://huggingface.co/datasets/Ehsanrs2/Forex_Factory_Calendar/resolve/main/forex_factory_cache.csv,True
2019-01-31,2019-01-31T20:30:00+00:00,nfp,Non-Farm Employment Change,United States,304000.0,165000.0,222000.0,,persons,High Impact Expected,,,ForexFactory,https://www.forexfactory.com/calendar,ForexFactory,https://huggingface.co/datasets/Ehsanrs2/Forex_Factory_Calendar/resolve/main/forex_factory_cache.csv,True
2019-01-31,2019-01-31T20:30:00+00:00,unemployment,Unemployment Rate,United States,4.0,3.9,3.9,,percent,High Impact Expected,,,ForexFactory,https://www.forexfactory.com/calendar,ForexFactory,https://huggingface.co/datasets/Ehsanrs2/Forex_Factory_Calendar/resolve/main/forex_factory_cache.csv,True
2019-02-01,2019-02-01T15:00:00+00:00,pmi,ISM Manufacturing PMI,United States,56.6,54.1,54.1,,index,High Impact Expected,,,ForexFactory,https://www.forexfactory.com/calendar,ForexFactory,https://huggingface.co/datasets/Ehsanrs2/Forex_Factory_Calendar/resolve/main/forex_factory_cache.csv,True
2019-02-12,2019-02-12T20:30:00+00:00,cpi,CPI m/m,United States,0.0,0.1,-0.1,,percent,High Impact Expected,,,ForexFactory,https://www.forexfactory.com/calendar,ForexFactory,https://huggingface.co/datasets/Ehsanrs2/Forex_Factory_Calendar/resolve/main/forex_factory_cache.csv,True
2019-02-13,2019-02-13T13:30:00+00:00,core_cpi,Core CPI m/m,United States,0.2,0.2,0.2,,percent,High Impact Expected,,,ForexFactory,https://www.forexfactory.com/calendar,ForexFactory,https://huggingface.co/datasets/Ehsanrs2/Forex_Factory_Calendar/resolve/main/forex_factory_cache.csv,True
2019-02-13,2019-02-13T20:30:00+00:00,retail_sales,Retail Sales m/m,United States,-1.2,0.1,0.1,,percent,High Impact Expected,,,ForexFactory,https://www.forexfactory.com/calendar,ForexFactory,https://huggingface.co/datasets/Ehsanrs2/Forex_Factory_Calendar/resolve/main/forex_factory_cache.csv,True
2019-02-27,2019-02-27T20:30:00+00:00,gdp,Advance GDP q/q,United States,2.6,2.2,3.4,,percent,High Impact Expected,,,ForexFactory,https://www.forexfactory.com/calendar,ForexFactory,https://huggingface.co/datasets/Ehsanrs2/Forex_Factory_Calendar/resolve/main/forex_factory_cache.csv,True
2019-03-01,2019-03-01T15:00:00+00:00,pmi,ISM Manufacturing PMI,United States,54.2,55.6,56.6,,index,High Impact Expected,,,ForexFactory,https://www.forexfactory.com/calendar,ForexFactory,https://huggingface.co/datasets/Ehsanrs2/Forex_Factory_Calendar/resolve/main/forex_factory_cache.csv,True
2019-03-07,2019-03-07T20:30:00+00:00,nfp,Non-Farm Employment Change,United States,20000.0,180000.0,311000.0,,persons,High Impact Expected,,,ForexFactory,https://www.forexfactory.com/calendar,ForexFactory,https://huggingface.co/datasets/Ehsanrs2/Forex_Factory_Calendar/resolve/main/forex_factory_cache.csv,True
2019-03-07,2019-03-07T20:30:00+00:00,unemployment,Unemployment Rate,United States,3.8,3.9,4.0,,percent,High Impact Expected,,,ForexFactory,https://www.forexfactory.com/calendar,ForexFactory,https://huggingface.co/datasets/Ehsanrs2/Forex_Factory_Calendar/resolve/main/forex_factory_cache.csv,True
2019-03-10,2019-03-10T20:30:00+00:00,retail_sales,Retail Sales m/m,United States,0.2,0.0,-1.6,,percent,High Impact Expected,,,ForexFactory,https://www.forexfactory.com/calendar,ForexFactory,https://huggingface.co/datasets/Ehsanrs2/Forex_Factory_Calendar/resolve/main/forex_factory_cache.csv,True
2019-03-11,2019-03-11T20:30:00+00:00,cpi,CPI m/m,United States,0.2,0.2,0.0,,percent,High Impact Expected,,,ForexFactory,https://www.forexfactory.com/calendar,ForexFactory,https://huggingface.co/datasets/Ehsanrs2/Forex_Factory_Calendar/resolve/main/forex_factory_cache.csv,True
2019-03-12,2019-03-12T12:30:00+00:00,core_cpi,Core CPI m/m,United States,0.1,0.2,0.2,,percent,High Impact Expected,,,ForexFactory,https://www.forexfactory.com/calendar,ForexFactory,https://huggingface.co/datasets/Ehsanrs2/Forex_Factory_Calendar/resolve/main/forex_factory_cache.csv,True
2019-03-31,2019-03-31T19:30:00+00:00,retail_sales,Retail Sales m/m,United States,-0.2,0.3,0.7,,percent,High Impact Expected,,,ForexFactory,https://www.forexfactory.com/calendar,ForexFactory,https://huggingface.co/datasets/Ehsanrs2/Forex_Factory_Calendar/resolve/main/forex_factory_cache.csv,True
2019-04-01,2019-04-01T14:00:00+00:00,pmi,ISM Manufacturing PMI,United States,55.3,54.4,54.2,,index,High Impact Expected,,,ForexFactory,https://www.forexfactory.com/calendar,ForexFactory,https://huggingface.co/datasets/Ehsanrs2/Forex_Factory_Calendar/resolve/main/forex_factory_cache.csv,True
2019-04-04,2019-04-04T19:30:00+00:00,nfp,Non-Farm Employment Change,United States,196000.0,172000.0,33000.0,,persons,High Impact Expected,,,ForexFactory,https://www.forexfactory.com/calendar,ForexFactory,https://huggingface.co/datasets/Ehsanrs2/Forex_Factory_Calendar/resolve/main/forex_factory_cache.csv,True
2019-04-04,2019-04-04T19:30:00+00:00,unemployment,Unemployment Rate,United States,3.8,3.8,3.8,,percent,High Impact Expected,,,ForexFactory,https://www.forexfactory.com/calendar,ForexFactory,https://huggingface.co/datasets/Ehsanrs2/Forex_Factory_Calendar/resolve/main/forex_factory_cache.csv,True
2019-04-09,2019-04-09T19:30:00+00:00,core_cpi,Core CPI m/m,United States,0.1,0.2,0.1,,percent,High Impact Expected,,,ForexFactory,https://www.forexfactory.com/calendar,ForexFactory,https://huggingface.co/datasets/Ehsanrs2/Forex_Factory_Calendar/resolve/main/forex_factory_cache.csv,True
2019-04-09,2019-04-09T19:30:00+00:00,cpi,CPI m/m,United States,0.4,0.3,0.2,,percent,High Impact Expected,,,ForexFactory,https://www.forexfactory.com/calendar,ForexFactory,https://huggingface.co/datasets/Ehsanrs2/Forex_Factory_Calendar/resolve/main/forex_factory_cache.csv,True
2019-04-17,2019-04-17T19:30:00+00:00,retail_sales,Retail Sales m/m,United States,1.6,0.9,-0.2,,percent,High Impact Expected,,,ForexFactory,https://www.forexfactory.com/calendar,ForexFactory,https://huggingface.co/datasets/Ehsanrs2/Forex_Factory_Calendar/resolve/main/forex_factory_cache.csv,True
2019-04-26,2019-04-26T12:30:00+00:00,gdp,Advance GDP q/q,United States,3.2,2.2,2.2,,percent,High Impact Expected,,,ForexFactory,https://www.forexfactory.com/calendar,ForexFactory,https://huggingface.co/datasets/Ehsanrs2/Forex_Factory_Calendar/resolve/main/forex_factory_cache.csv,True
2019-05-01,2019-05-01T14:00:00+00:00,pmi,ISM Manufacturing PMI,United States,52.8,55.0,55.3,,index,High Impact Expected,,,ForexFactory,https://www.forexfactory.com/calendar,ForexFactory,https://huggingface.co/datasets/Ehsanrs2/Forex_Factory_Calendar/resolve/main/forex_factory_cache.csv,True
2019-05-02,2019-05-02T19:30:00+00:00,nfp,Non-Farm Employment Change,United States,263000.0,181000.0,189000.0,,persons,High Impact Expected,,,ForexFactory,https://www.forexfactory.com/calendar,ForexFactory,https://huggingface.co/datasets/Ehsanrs2/Forex_Factory_Calendar/resolve/main/forex_factory_cache.csv,True
2019-05-02,2019-05-02T19:30:00+00:00,unemployment,Unemployment Rate,United States,3.6,3.8,3.8,,percent,High Impact Expected,,,ForexFactory,https://www.forexfactory.com/calendar,ForexFactory,https://huggingface.co/datasets/Ehsanrs2/Forex_Factory_Calendar/resolve/main/forex_factory_cache.csv,True
2019-05-09,2019-05-09T19:30:00+00:00,core_cpi,Core CPI m/m,United States,0.1,0.2,0.1,,percent,High Impact Expected,,,ForexFactory,https://www.forexfactory.com/calendar,ForexFactory,https://huggingface.co/datasets/Ehsanrs2/Forex_Factory_Calendar/resolve/main/forex_factory_cache.csv,True
2019-05-09,2019-05-09T19:30:00+00:00,cpi,CPI m/m,United States,0.3,0.4,0.4,,percent,High Impact Expected,,,ForexFactory,https://www.forexfactory.com/calendar,ForexFactory,https://huggingface.co/datasets/Ehsanrs2/Forex_Factory_Calendar/resolve/main/forex_factory_cache.csv,True
2019-05-14,2019-05-14T19:30:00+00:00,retail_sales,Retail Sales m/m,United States,-0.2,0.2,1.7,,percent,High Impact Expected,,,ForexFactory,https://www.forexfactory.com/calendar,ForexFactory,https://huggingface.co/datasets/Ehsanrs2/Forex_Factory_Calendar/resolve/main/forex_factory_cache.csv,True
2019-06-03,2019-06-03T14:00:00+00:00,pmi,ISM Manufacturing PMI,United States,52.1,53.0,52.8,,index,High Impact Expected,,,ForexFactory,https://www.forexfactory.com/calendar,ForexFactory,https://huggingface.co/datasets/Ehsanrs2/Forex_Factory_Calendar/resolve/main/forex_factory_cache.csv,True
2019-06-06,2019-06-06T19:30:00+00:00,nfp,Non-Farm Employment Change,United States,75000.0,177000.0,224000.0,,persons,High Impact Expected,,,ForexFactory,https://www.forexfactory.com/calendar,ForexFactory,https://huggingface.co/datasets/Ehsanrs2/Forex_Factory_Calendar/resolve/main/forex_factory_cache.csv,True
2019-06-06,2019-06-06T19:30:00+00:00,unemployment,Unemployment Rate,United States,3.6,3.6,3.6,,percent,High Impact Expected,,,ForexFactory,https://www.forexfactory.com/calendar,ForexFactory,https://huggingface.co/datasets/Ehsanrs2/Forex_Factory_Calendar/resolve/main/forex_factory_cache.csv,True
2019-06-11,2019-06-11T19:30:00+00:00,cpi,CPI m/m,United States,0.1,0.1,0.3,,percent,High Impact Expected,,,ForexFactory,https://www.forexfactory.com/calendar,ForexFactory,https://huggingface.co/datasets/Ehsanrs2/Forex_Factory_Calendar/resolve/main/forex_factory_cache.csv,True
2019-06-12,2019-06-12T12:30:00+00:00,core_cpi,Core CPI m/m,United States,0.1,0.2,0.1,,percent,High Impact Expected,,,ForexFactory,https://www.forexfactory.com/calendar,ForexFactory,https://huggingface.co/datasets/Ehsanrs2/Forex_Factory_Calendar/resolve/main/forex_factory_cache.csv,True
2019-06-13,2019-06-13T19:30:00+00:00,retail_sales,Retail Sales m/m,United States,0.5,0.7,0.3,,percent,High Impact Expected,,,ForexFactory,https://www.forexfactory.com/calendar,ForexFactory,https://huggingface.co/datasets/Ehsanrs2/Forex_Factory_Calendar/resolve/main/forex_factory_cache.csv,True
2019-07-01,2019-07-01T14:00:00+00:00,pmi,ISM Manufacturing PMI,United States,51.7,51.3,52.1,,index,High Impact Expected,,,ForexFactory,https://www.forexfactory.com/calendar,ForexFactory,https://huggingface.co/datasets/Ehsanrs2/Forex_Factory_Calendar/resolve/main/forex_factory_cache.csv,True
2019-07-04,2019-07-04T19:30:00+00:00,nfp,Non-Farm Employment Change,United States,224000.0,162000.0,72000.0,,persons,High Impact Expected,,,ForexFactory,https://www.forexfactory.com/calendar,ForexFactory,https://huggingface.co/datasets/Ehsanrs2/Forex_Factory_Calendar/resolve/main/forex_factory_cache.csv,True
2019-07-04,2019-07-04T19:30:00+00:00,unemployment,Unemployment Rate,United States,3.7,3.6,3.6,,percent,High Impact Expected,,,ForexFactory,https://www.forexfactory.com/calendar,ForexFactory,https://huggingface.co/datasets/Ehsanrs2/Forex_Factory_Calendar/resolve/main/forex_factory_cache.csv,True
2019-07-10,2019-07-10T19:30:00+00:00,core_cpi,Core CPI m/m,United States,0.3,0.2,0.1,,percent,High Impact Expected,,,ForexFactory,https://www.forexfactory.com/calendar,ForexFactory,https://huggingface.co/datasets/Ehsanrs2/Forex_Factory_Calendar/resolve/main/forex_factory_cache.csv,True
2019-07-10,2019-07-10T19:30:00+00:00,cpi,CPI m/m,United States,0.1,0.0,0.1,,percent,High Impact Expected,,,ForexFactory,https://www.forexfactory.com/calendar,ForexFactory,https://huggingface.co/datasets/Ehsanrs2/Forex_Factory_Calendar/resolve/main/forex_factory_cache.csv,True
2019-07-15,2019-07-15T19:30:00+00:00,retail_sales,Retail Sales m/m,United States,0.4,0.1,0.4,,percent,High Impact Expected,,,ForexFactory,https://www.forexfactory.com/calendar,ForexFactory,https://huggingface.co/datasets/Ehsanrs2/Forex_Factory_Calendar/resolve/main/forex_factory_cache.csv,True
2019-07-26,2019-07-26T12:30:00+00:00,gdp,Advance GDP q/q,United States,2.1,1.8,3.1,,percent,High Impact Expected,,,ForexFactory,https://www.forexfactory.com/calendar,ForexFactory,https://huggingface.co/datasets/Ehsanrs2/Forex_Factory_Calendar/resolve/main/forex_factory_cache.csv,True
2019-08-01,2019-08-01T19:30:00+00:00,nfp,Non-Farm Employment Change,United States,164000.0,164000.0,193000.0,,persons,High Impact Expected,,,ForexFactory,https://www.forexfactory.com/calendar,ForexFactory,https://huggingface.co/datasets/Ehsanrs2/Forex_Factory_Calendar/resolve/main/forex_factory_cache.csv,True
2019-08-01,2019-08-01T14:00:00+00:00,pmi,ISM Manufacturing PMI,United States,51.2,52.0,51.7,,index,High Impact Expected,,,ForexFactory,https://www.forexfactory.com/calendar,ForexFactory,https://huggingface.co/datasets/Ehsanrs2/Forex_Factory_Calendar/resolve/main/forex_factory_cache.csv,True
2019-08-01,2019-08-01T19:30:00+00:00,unemployment,Unemployment Rate,United States,3.7,3.6,3.7,,percent,High Impact Expected,,,ForexFactory,https://www.forexfactory.com/calendar,ForexFactory,https://huggingface.co/datasets/Ehsanrs2/Forex_Factory_Calendar/resolve/main/forex_factory_cache.csv,True
2019-08-12,2019-08-12T19:30:00+00:00,cpi,CPI m/m,United States,0.3,0.3,0.1,,percent,High Impact Expected,,,ForexFactory,https://www.forexfactory.com/calendar,ForexFactory,https://huggingface.co/datasets/Ehsanrs2/Forex_Factory_Calendar/resolve/main/forex_factory_cache.csv,True
2019-08-13,2019-08-13T12:30:00+00:00,core_cpi,Core CPI m/m,United States,0.3,0.2,0.3,,percent,High Impact Expected,,,ForexFactory,https://www.forexfactory.com/calendar,ForexFactory,https://huggingface.co/datasets/Ehsanrs2/Forex_Factory_Calendar/resolve/main/forex_factory_cache.csv,True
2019-08-14,2019-08-14T19:30:00+00:00,retail_sales,Retail Sales m/m,United States,0.7,0.3,0.3,,percent,High Impact Expected,,,ForexFactory,https://www.forexfactory.com/calendar,ForexFactory,https://huggingface.co/datasets/Ehsanrs2/Forex_Factory_Calendar/resolve/main/forex_factory_cache.csv,True
2019-09-03,2019-09-03T14:00:00+00:00,pmi,ISM Manufacturing PMI,United States,49.1,51.2,51.2,,index,High Impact Expected,,,ForexFactory,https://www.forexfactory.com/calendar,ForexFactory,https://huggingface.co/datasets/Ehsanrs2/Forex_Factory_Calendar/resolve/main/forex_factory_cache.csv,True
2019-09-05,2019-09-05T19:30:00+00:00,nfp,Non-Farm Employment Change,United States,130000.0,163000.0,159000.0,,persons,High Impact Expected,,,ForexFactory,https://www.forexfactory.com/calendar,ForexFactory,https://huggingface.co/datasets/Ehsanrs2/Forex_Factory_Calendar/resolve/main/forex_factory_cache.csv,True
2019-09-05,2019-09-05T19:30:00+00:00,unemployment,Unemployment Rate,United States,3.7,3.7,3.7,,percent,High Impact Expected,,,ForexFactory,https://www.forexfactory.com/calendar,ForexFactory,https://huggingface.co/datasets/Ehsanrs2/Forex_Factory_Calendar/resolve/main/forex_factory_cache.csv,True
2019-09-11,2019-09-11T19:30:00+00:00,core_cpi,Core CPI m/m,United States,0.3,0.2,0.3,,percent,High Impact Expected,,,ForexFactory,https://www.forexfactory.com/calendar,ForexFactory,https://huggingface.co/datasets/Ehsanrs2/Forex_Factory_Calendar/resolve/main/forex_factory_cache.csv,True
2019-09-11,2019-09-11T19:30:00+00:00,cpi,CPI m/m,United States,0.1,0.1,0.3,,percent,High Impact Expected,,,ForexFactory,https://www.forexfactory.com/calendar,ForexFactory,https://huggingface.co/datasets/Ehsanrs2/Forex_Factory_Calendar/resolve/main/forex_factory_cache.csv,True
2019-09-12,2019-09-12T19:30:00+00:00,retail_sales,Retail Sales m/m,United States,0.4,0.2,0.8,,percent,High Impact Expected,,,ForexFactory,https://www.forexfactory.com/calendar,ForexFactory,https://huggingface.co/datasets/Ehsanrs2/Forex_Factory_Calendar/resolve/main/forex_factory_cache.csv,True
2019-10-01,2019-10-01T14:00:00+00:00,pmi,ISM Manufacturing PMI,United States,47.8,50.4,49.1,,index,High Impact Expected,,,ForexFactory,https://www.forexfactory.com/calendar,ForexFactory,https://huggingface.co/datasets/Ehsanrs2/Forex_Factory_Calendar/resolve/main/forex_factory_cache.csv,True
2019-10-03,2019-10-03T20:30:00+00:00,nfp,Non-Farm Employment Change,United States,136000.0,145000.0,168000.0,,persons,High Impact Expected,,,ForexFactory,https://www.forexfactory.com/calendar,ForexFactory,https://huggingface.co/datasets/Ehsanrs2/Forex_Factory_Calendar/resolve/main/forex_factory_cache.csv,True
2019-10-03,2019-10-03T20:30:00+00:00,unemployment,Unemployment Rate,United States,3.5,3.7,3.7,,percent,High Impact Expected,,,ForexFactory,https://www.forexfactory.com/calendar,ForexFactory,https://huggingface.co/datasets/Ehsanrs2/Forex_Factory_Calendar/resolve/main/forex_factory_cache.csv,True
2019-10-09,2019-10-09T20:30:00+00:00,core_cpi,Core CPI m/m,United States,0.1,0.2,0.3,,percent,High Impact Expected,,,ForexFactory,https://www.forexfactory.com/calendar,ForexFactory,https://huggingface.co/datasets/Ehsanrs2/Forex_Factory_Calendar/resolve/main/forex_factory_cache.csv,True
2019-10-09,2019-10-09T20:30:00+00:00,cpi,CPI m/m,United States,0.0,0.1,0.1,,percent,High Impact Expected,,,ForexFactory,https://www.forexfactory.com/calendar,ForexFactory,https://huggingface.co/datasets/Ehsanrs2/Forex_Factory_Calendar/resolve/main/forex_factory_cache.csv,True
2019-10-15,2019-10-15T20:30:00+00:00,retail_sales,Retail Sales m/m,United States,-0.3,0.3,0.6,,percent,High Impact Expected,,,ForexFactory,https://www.forexfactory.com/calendar,ForexFactory,https://huggingface.co/datasets/Ehsanrs2/Forex_Factory_Calendar/resolve/main/forex_factory_cache.csv,True
2019-10-30,2019-10-30T12:30:00+00:00,gdp,Advance GDP q/q,United States,1.9,1.6,2.0,,percent,High Impact Expected,,,ForexFactory,https://www.forexfactory.com/calendar,ForexFactory,https://huggingface.co/datasets/Ehsanrs2/Forex_Factory_Calendar/resolve/main/forex_factory_cache.csv,True
2019-10-31,2019-10-31T20:30:00+00:00,nfp,Non-Farm Employment Change,United States,128000.0,90000.0,180000.0,,persons,High Impact Expected,,,ForexFactory,https://www.forexfactory.com/calendar,ForexFactory,https://huggingface.co/datasets/Ehsanrs2/Forex_Factory_Calendar/resolve/main/forex_factory_cache.csv,True
2019-10-31,2019-10-31T20:30:00+00:00,unemployment,Unemployment Rate,United States,3.6,3.6,3.5,,percent,High Impact Expected,,,ForexFactory,https://www.forexfactory.com/calendar,ForexFactory,https://huggingface.co/datasets/Ehsanrs2/Forex_Factory_Calendar/resolve/main/forex_factory_cache.csv,True
2019-11-01,2019-11-01T14:00:00+00:00,pmi,ISM Manufacturing PMI,United States,48.3,49.0,47.8,,index,High Impact Expected,,,ForexFactory,https://www.forexfactory.com/calendar,ForexFactory,https://huggingface.co/datasets/Ehsanrs2/Forex_Factory_Calendar/resolve/main/forex_factory_cache.csv,True
2019-11-12,2019-11-12T20:30:00+00:00,cpi,CPI m/m,United States,0.4,0.3,0.0,,percent,High Impact Expected,,,ForexFactory,https://www.forexfactory.com/calendar,ForexFactory,https://huggingface.co/datasets/Ehsanrs2/Forex_Factory_Calendar/resolve/main/forex_factory_cache.csv,True
2019-11-13,2019-11-13T13:30:00+00:00,core_cpi,Core CPI m/m,United States,0.2,0.2,0.1,,percent,High Impact Expected,,,ForexFactory,https://www.forexfactory.com/calendar,ForexFactory,https://huggingface.co/datasets/Ehsanrs2/Forex_Factory_Calendar/resolve/main/forex_factory_cache.csv,True
2019-11-14,2019-11-14T20:30:00+00:00,retail_sales,Retail Sales m/m,United States,0.3,0.1,-0.3,,percent,High Impact Expected,,,ForexFactory,https://www.forexfactory.com/calendar,ForexFactory,https://huggingface.co/datasets/Ehsanrs2/Forex_Factory_Calendar/resolve/main/forex_factory_cache.csv,True
2019-12-02,2019-12-02T15:00:00+00:00,pmi,ISM Manufacturing PMI,United States,48.1,49.2,48.3,,index,High Impact Expected,,,ForexFactory,https://www.forexfactory.com/calendar,ForexFactory,https://huggingface.co/datasets/Ehsanrs2/Forex_Factory_Calendar/resolve/main/forex_factory_cache.csv,True
2019-12-05,2019-12-05T20:30:00+00:00,nfp,Non-Farm Employment Change,United States,266000.0,181000.0,156000.0,,persons,High Impact Expected,,,ForexFactory,https://www.forexfactory.com/calendar,ForexFactory,https://huggingface.co/datasets/Ehsanrs2/Forex_Factory_Calendar/resolve/main/forex_factory_cache.csv,True
2019-12-05,2019-12-05T20:30:00+00:00,unemployment,Unemployment Rate,United States,3.5,3.6,3.6,,percent,High Impact Expected,,,ForexFactory,https://www.forexfactory.com/calendar,ForexFactory,https://huggingface.co/datasets/Ehsanrs2/Forex_Factory_Calendar/resolve/main/forex_factory_cache.csv,True
2019-12-10,2019-12-10T20:30:00+00:00,core_cpi,Core CPI m/m,United States,0.2,0.2,0.2,,percent,High Impact Expected,,,ForexFactory,https://www.forexfactory.com/calendar,ForexFactory,https://huggingface.co/datasets/Ehsanrs2/Forex_Factory_Calendar/resolve/main/forex_factory_cache.csv,True
2019-12-10,2019-12-10T20:30:00+00:00,cpi,CPI m/m,United States,0.3,0.2,0.4,,percent,High Impact Expected,,,ForexFactory,https://www.forexfactory.com/calendar,ForexFactory,https://huggingface.co/datasets/Ehsanrs2/Forex_Factory_Calendar/resolve/main/forex_factory_cache.csv,True
2019-12-12,2019-12-12T20:30:00+00:00,retail_sales,Retail Sales m/m,United States,0.2,0.5,0.4,,percent,High Impact Expected,,,ForexFactory,https://www.forexfactory.com/calendar,ForexFactory,https://huggingface.co/datasets/Ehsanrs2/Forex_Factory_Calendar/resolve/main/forex_factory_cache.csv,True
2020-01-03,2020-01-03T15:00:00+00:00,pmi,ISM Manufacturing PMI,United States,47.2,49.0,48.1,,index,High Impact Expected,,,ForexFactory,https://www.forexfactory.com/calendar,ForexFactory,https://huggingface.co/datasets/Ehsanrs2/Forex_Factory_Calendar/resolve/main/forex_factory_cache.csv,True
2020-01-09,2020-01-09T20:30:00+00:00,nfp,Non-Farm Employment Change,United States,145000.0,162000.0,256000.0,,persons,High Impact Expected,,,ForexFactory,https://www.forexfactory.com/calendar,ForexFactory,https://huggingface.co/datasets/Ehsanrs2/Forex_Factory_Calendar/resolve/main/forex_factory_cache.csv,True
2020-01-09,2020-01-09T20:30:00+00:00,unemployment,Unemployment Rate,United States,3.5,3.5,3.5,,percent,High Impact Expected,,,ForexFactory,https://www.forexfactory.com/calendar,ForexFactory,https://huggingface.co/datasets/Ehsanrs2/Forex_Factory_Calendar/resolve/main/forex_factory_cache.csv,True
2020-01-13,2020-01-13T20:30:00+00:00,cpi,CPI m/m,United States,0.2,0.2,0.3,,percent,High Impact Expected,,,ForexFactory,https://www.forexfactory.com/calendar,ForexFactory,https://huggingface.co/datasets/Ehsanrs2/Forex_Factory_Calendar/resolve/main/forex_factory_cache.csv,True
2020-01-14,2020-01-14T13:30:00+00:00,core_cpi,Core CPI m/m,United States,0.1,0.2,0.2,,percent,High Impact Expected,,,ForexFactory,https://www.forexfactory.com/calendar,ForexFactory,https://huggingface.co/datasets/Ehsanrs2/Forex_Factory_Calendar/resolve/main/forex_factory_cache.csv,True
2020-01-15,2020-01-15T20:30:00+00:00,retail_sales,Retail Sales m/m,United States,0.3,0.3,0.3,,percent,High Impact Expected,,,ForexFactory,https://www.forexfactory.com/calendar,ForexFactory,https://huggingface.co/datasets/Ehsanrs2/Forex_Factory_Calendar/resolve/main/forex_factory_cache.csv,True
2020-01-30,2020-01-30T13:30:00+00:00,gdp,Advance GDP q/q,United States,2.1,2.1,2.1,,percent,High Impact Expected,,,ForexFactory,https://www.forexfactory.com/calendar,ForexFactory,https://huggingface.co/datasets/Ehsanrs2/Forex_Factory_Calendar/resolve/main/forex_factory_cache.csv,True
2020-02-03,2020-02-03T15:00:00+00:00,pmi,ISM Manufacturing PMI,United States,50.9,48.5,47.2,,index,High Impact Expected,,,ForexFactory,https://www.forexfactory.com/calendar,ForexFactory,https://huggingface.co/datasets/Ehsanrs2/Forex_Factory_Calendar/resolve/main/forex_factory_cache.csv,True
2020-02-06,2020-02-06T20:30:00+00:00,nfp,Non-Farm Employment Change,United States,225000.0,163000.0,147000.0,,persons,High Impact Expected,,,ForexFactory,https://www.forexfactory.com/calendar,ForexFactory,https://huggingface.co/datasets/Ehsanrs2/Forex_Factory_Calendar/resolve/main/forex_factory_cache.csv,True
2020-02-06,2020-02-06T20:30:00+00:00,unemployment,Unemployment Rate,United States,3.6,3.5,3.5,,percent,High Impact Expected,,,ForexFactory,https://www.forexfactory.com/calendar,ForexFactory,https://huggingface.co/datasets/Ehsanrs2/Forex_Factory_Calendar/resolve/main/forex_factory_cache.csv,True
2020-02-12,2020-02-12T20:30:00+00:00,cpi,CPI m/m,United States,0.1,0.2,0.2,,percent,High Impact Expected,,,ForexFactory,https://www.forexfactory.com/calendar,ForexFactory,https://huggingface.co/datasets/Ehsanrs2/Forex_Factory_Calendar/resolve/main/forex_factory_cache.csv,True
2020-02-13,2020-02-13T13:30:00+00:00,core_cpi,Core CPI m/m,United States,0.2,0.2,0.1,,percent,High Impact Expected,,,ForexFactory,https://www.forexfactory.com/calendar,ForexFactory,https://huggingface.co/datasets/Ehsanrs2/Forex_Factory_Calendar/resolve/main/forex_factory_cache.csv,True
2020-02-13,2020-02-13T20:30:00+00:00,retail_sales,Retail Sales m/m,United States,0.3,0.3,0.2,,percent,High Impact Expected,,,ForexFactory,https://www.forexfactory.com/calendar,ForexFactory,https://huggingface.co/datasets/Ehsanrs2/Forex_Factory_Calendar/resolve/main/forex_factory_cache.csv,True
2020-03-02,2020-03-02T15:00:00+00:00,pmi,ISM Manufacturing PMI,United States,50.1,50.5,50.9,,index,High Impact Expected,,,ForexFactory,https://www.forexfactory.com/calendar,ForexFactory,https://huggingface.co/datasets/Ehsanrs2/Forex_Factory_Calendar/resolve/main/forex_factory_cache.csv,True
2020-03-05,2020-03-05T20:30:00+00:00,nfp,Non-Farm Employment Change,United States,273000.0,175000.0,273000.0,,persons,High Impact Expected,,,ForexFactory,https://www.forexfactory.com/calendar,ForexFactory,https://huggingface.co/datasets/Ehsanrs2/Forex_Factory_Calendar/resolve/main/forex_factory_cache.csv,True
2020-03-05,2020-03-05T20:30:00+00:00,unemployment,Unemployment Rate,United States,3.5,3.6,3.6,,percent,High Impact Expected,,,ForexFactory,https://www.forexfactory.com/calendar,ForexFactory,https://huggingface.co/datasets/Ehsanrs2/Forex_Factory_Calendar/resolve/main/forex_factory_cache.csv,True
2020-03-10,2020-03-10T20:30:00+00:00,core_cpi,Core CPI m/m,United States,0.2,0.2,0.2,,percent,High Impact Expected,,,ForexFactory,https://www.forexfactory.com/calendar,ForexFactory,https://huggingface.co/datasets/Ehsanrs2/Forex_Factory_Calendar/resolve/main/forex_factory_cache.csv,True
2020-03-10,2020-03-10T20:30:00+00:00,cpi,CPI m/m,United States,0.1,0.0,0.1,,percent,High Impact Expected,,,ForexFactory,https://www.forexfactory.com/calendar,ForexFactory,https://huggingface.co/datasets/Ehsanrs2/Forex_Factory_Calendar/resolve/main/forex_factory_cache.csv,True
2020-03-16,2020-03-16T20:30:00+00:00,retail_sales,Retail Sales m/m,United States,-0.5,0.2,0.6,,percent,High Impact Expected,,,ForexFactory,https://www.forexfactory.com/calendar,ForexFactory,https://huggingface.co/datasets/Ehsanrs2/Forex_Factory_Calendar/resolve/main/forex_factory_cache.csv,True
2020-04-01,2020-04-01T14:00:00+00:00,pmi,ISM Manufacturing PMI,United States,49.1,44.9,50.1,,index,High Impact Expected,,,ForexFactory,https://www.forexfactory.com/calendar,ForexFactory,https://huggingface.co/datasets/Ehsanrs2/Forex_Factory_Calendar/resolve/main/forex_factory_cache.csv,True
2020-04-02,2020-04-02T19:30:00+00:00,nfp,Non-Farm Employment Change,United States,-701000.0,-100000.0,275000.0,,persons,High Impact Expected,,,ForexFactory,https://www.forexfactory.com/calendar,ForexFactory,https://huggingface.co/datasets/Ehsanrs2/Forex_Factory_Calendar/resolve/main/forex_factory_cache.csv,True
2020-04-02,2020-04-02T19:30:00+00:00,unemployment,Unemployment Rate,United States,4.4,3.8,3.5,,percent,High Impact Expected,,,ForexFactory,https://www.forexfactory.com/calendar,ForexFactory,https://huggingface.co/datasets/Ehsanrs2/Forex_Factory_Calendar/resolve/main/forex_factory_cache.csv,True
2020-04-09,2020-04-09T19:30:00+00:00,cpi,CPI m/m,United States,-0.4,-0.3,0.1,,percent,High Impact Expected,,,ForexFactory,https://www.forexfactory.com/calendar,ForexFactory,https://huggingface.co/datasets/Ehsanrs2/Forex_Factory_Calendar/resolve/main/forex_factory_cache.csv,True
2020-04-10,2020-04-10T12:30:00+00:00,core_cpi,Core CPI m/m,United States,-0.1,0.1,0.2,,percent,High Impact Expected,,,ForexFactory,https://www.forexfactory.com/calendar,ForexFactory,https://huggingface.co/datasets/Ehsanrs2/Forex_Factory_Calendar/resolve/main/forex_factory_cache.csv,True
2020-04-14,2020-04-14T19:30:00+00:00,retail_sales,Retail Sales m/m,United States,-8.7,-8.0,-0.4,,percent,High Impact Expected,,,ForexFactory,https://www.forexfactory.com/calendar,ForexFactory,https://huggingface.co/datasets/Ehsanrs2/Forex_Factory_Calendar/resolve/main/forex_factory_cache.csv,True
2020-04-29,2020-04-29T12:32:00+00:00,gdp,Advance GDP q/q,United States,-4.8,-4.0,2.1,,percent,High Impact Expected,,,ForexFactory,https://www.forexfactory.com/calendar,ForexFactory,https://huggingface.co/datasets/Ehsanrs2/Forex_Factory_Calendar/resolve/main/forex_factory_cache.csv,True
2020-05-01,2020-05-01T14:00:00+00:00,pmi,ISM Manufacturing PMI,United States,41.5,36.7,49.1,,index,High Impact Expected,,,ForexFactory,https://www.forexfactory.com/calendar,ForexFactory,https://huggingface.co/datasets/Ehsanrs2/Forex_Factory_Calendar/resolve/main/forex_factory_cache.csv,True
2020-05-07,2020-05-07T19:30:00+00:00,nfp,Non-Farm Employment Change,United States,-20537000.0,-22000000.0,-881000.0,,persons,High Impact Expected,,,ForexFactory,https://www.forexfactory.com/calendar,ForexFactory,https://huggingface.co/datasets/Ehsanrs2/Forex_Factory_Calendar/resolve/main/forex_factory_cache.csv,True
2020-05-07,2020-05-07T19:30:00+00:00,unemployment,Unemployment Rate,United States,14.7,16.0,4.4,,percent,High Impact Expected,,,ForexFactory,https://www.forexfactory.com/calendar,ForexFactory,https://huggingface.co/datasets/Ehsanrs2/Forex_Factory_Calendar/resolve/main/forex_factory_cache.csv,True
2020-05-11,2020-05-11T19:30:00+00:00,cpi,CPI m/m,United States,-0.8,-0.7,-0.4,,percent,High Impact Expected,,,ForexFactory,https://www.forexfactory.com/calendar,ForexFactory,https://huggingface.co/datasets/Ehsanrs2/Forex_Factory_Calendar/resolve/main/forex_factory_cache.csv,True
2020-05-12,2020-05-12T12:30:00+00:00,core_cpi,Core CPI m/m,United States,-0.4,-0.2,-0.1,,percent,High Impact Expected,,,ForexFactory,https://www.forexfactory.com/calendar,ForexFactory,https://huggingface.co/datasets/Ehsanrs2/Forex_Factory_Calendar/resolve/main/forex_factory_cache.csv,True
2020-05-14,2020-05-14T19:30:00+00:00,retail_sales,Retail Sales m/m,United States,-16.4,-12.0,-8.3,,percent,High Impact Expected,,,ForexFactory,https://www.forexfactory.com/calendar,ForexFactory,https://huggingface.co/datasets/Ehsanrs2/Forex_Factory_Calendar/resolve/main/forex_factory_cache.csv,True
2020-06-01,2020-06-01T14:00:00+00:00,pmi,ISM Manufacturing PMI,United States,43.1,43.5,41.5,,index,High Impact Expected,,,ForexFactory,https://www.forexfactory.com/calendar,ForexFactory,https://huggingface.co/datasets/Ehsanrs2/Forex_Factory_Calendar/resolve/main/forex_factory_cache.csv,True
2020-06-04,2020-06-04T19:30:00+00:00,nfp,Non-Farm Employment Change,United States,2509000.0,-7750000.0,-20687000.0,,persons,High Impact Expected,,,ForexFactory,https://www.forexfactory.com/calendar,ForexFactory,https://huggingface.co/datasets/Ehsanrs2/Forex_Factory_Calendar/resolve/main/forex_factory_cache.csv,True
2020-06-04,2020-06-04T19:30:00+00:00,unemployment,Unemployment Rate,United States,13.3,19.4,14.7,,percent,High Impact Expected,,,ForexFactory,https://www.forexfactory.com/calendar,ForexFactory,https://huggingface.co/datasets/Ehsanrs2/Forex_Factory_Calendar/resolve/main/forex_factory_cache.csv,True
2020-06-09,2020-06-09T19:30:00+00:00,cpi,CPI m/m,United States,-0.1,0.0,-0.8,,percent,High Impact Expected,,,ForexFactory,https://www.forexfactory.com/calendar,ForexFactory,https://huggingface.co/datasets/Ehsanrs2/Forex_Factory_Calendar/resolve/main/forex_factory_cache.csv,True
2020-06-10,2020-06-10T12:30:00+00:00,core_cpi,Core CPI m/m,United States,-0.1,0.0,-0.4,,percent,High Impact Expected,,,ForexFactory,https://www.forexfactory.com/calendar,ForexFactory,https://huggingface.co/datasets/Ehsanrs2/Forex_Factory_Calendar/resolve/main/forex_factory_cache.csv,True
2020-06-15,2020-06-15T19:30:00+00:00,retail_sales,Retail Sales m/m,United States,17.7,7.9,-14.7,,percent,High Impact Expected,,,ForexFactory,https://www.forexfactory.com/calendar,ForexFactory,https://huggingface.co/datasets/Ehsanrs2/Forex_Factory_Calendar/resolve/main/forex_factory_cache.csv,True
2020-07-01,2020-07-01T19:30:00+00:00,nfp,Non-Farm Employment Change,United States,4800000.0,3037000.0,2699000.0,,persons,High Impact Expected,,,ForexFactory,https://www.forexfactory.com/calendar,ForexFactory,https://huggingface.co/datasets/Ehsanrs2/Forex_Factory_Calendar/resolve/main/forex_factory_cache.csv,True
2020-07-01,2020-07-01T14:00:00+00:00,pmi,ISM Manufacturing PMI,United States,52.6,49.5,43.1,,index,Medium Impact Expected,,,ForexFactory,https://www.forexfactory.com/calendar,ForexFactory,https://huggingface.co/datasets/Ehsanrs2/Forex_Factory_Calendar/resolve/main/forex_factory_cache.csv,True
2020-07-01,2020-07-01T19:30:00+00:00,unemployment,Unemployment Rate,United States,11.1,12.4,13.3,,percent,High Impact Expected,,,ForexFactory,https://www.forexfactory.com/calendar,ForexFactory,https://huggingface.co/datasets/Ehsanrs2/Forex_Factory_Calendar/resolve/main/forex_factory_cache.csv,True
2020-07-13,2020-07-13T19:30:00+00:00,core_cpi,Core CPI m/m,United States,0.2,0.1,-0.1,,percent,Medium Impact Expected,,,ForexFactory,https://www.forexfactory.com/calendar,ForexFactory,https://huggingface.co/datasets/Ehsanrs2/Forex_Factory_Calendar/resolve/main/forex_factory_cache.csv,True
2020-07-13,2020-07-13T19:30:00+00:00,cpi,CPI m/m,United States,0.6,0.5,-0.1,,percent,Medium Impact Expected,,,ForexFactory,https://www.forexfactory.com/calendar,ForexFactory,https://huggingface.co/datasets/Ehsanrs2/Forex_Factory_Calendar/resolve/main/forex_factory_cache.csv,True
2020-07-15,2020-07-15T19:30:00+00:00,retail_sales,Retail Sales m/m,United States,7.5,5.0,18.2,,percent,High Impact Expected,,,ForexFactory,https://www.forexfactory.com/calendar,ForexFactory,https://huggingface.co/datasets/Ehsanrs2/Forex_Factory_Calendar/resolve/main/forex_factory_cache.csv,True
2020-07-30,2020-07-30T12:30:00+00:00,gdp,Advance GDP q/q,United States,-32.9,-34.5,-5.0,,percent,High Impact Expected,,,ForexFactory,https://www.forexfactory.com/calendar,ForexFactory,https://huggingface.co/datasets/Ehsanrs2/Forex_Factory_Calendar/resolve/main/forex_factory_cache.csv,True
2020-08-03,2020-08-03T14:00:00+00:00,pmi,ISM Manufacturing PMI,United States,54.2,53.6,52.6,,index,High Impact Expected,,,ForexFactory,https://www.forexfactory.com/calendar,ForexFactory,https://huggingface.co/datasets/Ehsanrs2/Forex_Factory_Calendar/resolve/main/forex_factory_cache.csv,True
2020-08-06,2020-08-06T19:30:00+00:00,nfp,Non-Farm Employment Change,United States,1763000.0,1530000.0,4791000.0,,persons,High Impact Expected,,,ForexFactory,https://www.forexfactory.com/calendar,ForexFactory,https://huggingface.co/datasets/Ehsanrs2/Forex_Factory_Calendar/resolve/main/forex_factory_cache.csv,True
2020-08-06,2020-08-06T19:30:00+00:00,unemployment,Unemployment Rate,United States,10.2,10.5,11.1,,percent,High Impact Expected,,,ForexFactory,https://www.forexfactory.com/calendar,ForexFactory,https://huggingface.co/datasets/Ehsanrs2/Forex_Factory_Calendar/resolve/main/forex_factory_cache.csv,True
2020-08-11,2020-08-11T19:30:00+00:00,cpi,CPI m/m,United States,0.6,0.3,0.6,,percent,High Impact Expected,,,ForexFactory,https://www.forexfactory.com/calendar,ForexFactory,https://huggingface.co/datasets/Ehsanrs2/Forex_Factory_Calendar/resolve/main/forex_factory_cache.csv,True
2020-08-12,2020-08-12T12:30:00+00:00,core_cpi,Core CPI m/m,United States,0.6,0.2,0.2,,percent,High Impact Expected,,,ForexFactory,https://www.forexfactory.com/calendar,ForexFactory,https://huggingface.co/datasets/Ehsanrs2/Forex_Factory_Calendar/resolve/main/forex_factory_cache.csv,True
2020-08-13,2020-08-13T19:30:00+00:00,retail_sales,Retail Sales m/m,United States,1.2,2.0,8.4,,percent,High Impact Expected,,,ForexFactory,https://www.forexfactory.com/calendar,ForexFactory,https://huggingface.co/datasets/Ehsanrs2/Forex_Factory_Calendar/resolve/main/forex_factory_cache.csv,True
2020-09-01,2020-09-01T14:00:00+00:00,pmi,ISM Manufacturing PMI,United States,56.0,54.6,54.2,,index,High Impact Expected,,,ForexFactory,https://www.forexfactory.com/calendar,ForexFactory,https://huggingface.co/datasets/Ehsanrs2/Forex_Factory_Calendar/resolve/main/forex_factory_cache.csv,True
2020-09-03,2020-09-03T19:30:00+00:00,nfp,Non-Farm Employment Change,United States,1371000.0,1375000.0,1734000.0,,persons,High Impact Expected,,,ForexFactory,https://www.forexfactory.com/calendar,ForexFactory,https://huggingface.co/datasets/Ehsanrs2/Forex_Factory_Calendar/resolve/main/forex_factory_cache.csv,True
2020-09-03,2020-09-03T19:30:00+00:00,unemployment,Unemployment Rate,United States,8.4,9.8,10.2,,percent,High Impact Expected,,,ForexFactory,https://www.forexfactory.com/calendar,ForexFactory,https://huggingface.co/datasets/Ehsanrs2/Forex_Factory_Calendar/resolve/main/forex_factory_cache.csv,True
2020-09-10,2020-09-10T19:30:00+00:00,core_cpi,Core CPI m/m,United States,0.4,0.2,0.6,,percent,Medium Impact Expected,,,ForexFactory,https://www.forexfactory.com/calendar,ForexFactory,https://huggingface.co/datasets/Ehsanrs2/Forex_Factory_Calendar/resolve/main/forex_factory_cache.csv,True
2020-09-10,2020-09-10T19:30:00+00:00,cpi,CPI m/m,United States,0.4,0.3,0.6,,percent,Medium Impact Expected,,,ForexFactory,https://www.forexfactory.com/calendar,ForexFactory,https://huggingface.co/datasets/Ehsanrs2/Forex_Factory_Calendar/resolve/main/forex_factory_cache.csv,True
2020-09-15,2020-09-15T19:30:00+00:00,retail_sales,Retail Sales m/m,United States,0.6,1.1,0.9,,percent,Medium Impact Expected,,,ForexFactory,https://www.forexfactory.com/calendar,ForexFactory,https://huggingface.co/datasets/Ehsanrs2/Forex_Factory_Calendar/resolve/main/forex_factory_cache.csv,True
2020-10-01,2020-10-01T20:30:00+00:00,nfp,Non-Farm Employment Change,United States,661000.0,900000.0,1489000.0,,persons,High Impact Expected,,,ForexFactory,https://www.forexfactory.com/calendar,ForexFactory,https://huggingface.co/datasets/Ehsanrs2/Forex_Factory_Calendar/resolve/main/forex_factory_cache.csv,True
2020-10-01,2020-10-01T14:00:00+00:00,pmi,ISM Manufacturing PMI,United States,55.4,56.0,56.0,,index,High Impact Expected,,,ForexFactory,https://www.forexfactory.com/calendar,ForexFactory,https://huggingface.co/datasets/Ehsanrs2/Forex_Factory_Calendar/resolve/main/forex_factory_cache.csv,True
2020-10-01,2020-10-01T20:30:00+00:00,unemployment,Unemployment Rate,United States,7.9,8.2,8.4,,percent,High Impact Expected,,,ForexFactory,https://www.forexfactory.com/calendar,ForexFactory,https://huggingface.co/datasets/Ehsanrs2/Forex_Factory_Calendar/resolve/main/forex_factory_cache.csv,True
2020-10-12,2020-10-12T20:30:00+00:00,core_cpi,Core CPI m/m,United States,0.2,0.2,0.4,,percent,Medium Impact Expected,,,ForexFactory,https://www.forexfactory.com/calendar,ForexFactory,https://huggingface.co/datasets/Ehsanrs2/Forex_Factory_Calendar/resolve/main/forex_factory_cache.csv,True
2020-10-12,2020-10-12T20:30:00+00:00,cpi,CPI m/m,United States,0.2,0.2,0.4,,percent,Medium Impact Expected,,,ForexFactory,https://www.forexfactory.com/calendar,ForexFactory,https://huggingface.co/datasets/Ehsanrs2/Forex_Factory_Calendar/resolve/main/forex_factory_cache.csv,True
2020-10-15,2020-10-15T20:30:00+00:00,retail_sales,Retail Sales m/m,United States,1.9,0.7,0.6,,percent,High Impact Expected,,,ForexFactory,https://www.forexfactory.com/calendar,ForexFactory,https://huggingface.co/datasets/Ehsanrs2/Forex_Factory_Calendar/resolve/main/forex_factory_cache.csv,True
2020-10-28,2020-10-28T20:30:00+00:00,gdp,Advance GDP q/q,United States,33.1,32.0,-31.4,,percent,High Impact Expected,,,ForexFactory,https://www.forexfactory.com/calendar,ForexFactory,https://huggingface.co/datasets/Ehsanrs2/Forex_Factory_Calendar/resolve/main/forex_factory_cache.csv,True
2020-11-02,2020-11-02T15:00:00+00:00,pmi,ISM Manufacturing PMI,United States,59.3,55.6,55.4,,index,High Impact Expected,,,ForexFactory,https://www.forexfactory.com/calendar,ForexFactory,https://huggingface.co/datasets/Ehsanrs2/Forex_Factory_Calendar/resolve/main/forex_factory_cache.csv,True
2020-11-05,2020-11-05T20:30:00+00:00,nfp,Non-Farm Employment Change,United States,638000.0,595000.0,672000.0,,persons,High Impact Expected,,,ForexFactory,https://www.forexfactory.com/calendar,ForexFactory,https://huggingface.co/datasets/Ehsanrs2/Forex_Factory_Calendar/resolve/main/forex_factory_cache.csv,True
2020-11-05,2020-11-05T20:30:00+00:00,unemployment,Unemployment Rate,United States,6.9,7.7,7.9,,percent,High Impact Expected,,,ForexFactory,https://www.forexfactory.com/calendar,ForexFactory,https://huggingface.co/datasets/Ehsanrs2/Forex_Factory_Calendar/resolve/main/forex_factory_cache.csv,True
2020-11-11,2020-11-11T20:30:00+00:00,core_cpi,Core CPI m/m,United States,0.0,0.2,0.2,,percent,Medium Impact Expected,,,ForexFactory,https://www.forexfactory.com/calendar,ForexFactory,https://huggingface.co/datasets/Ehsanrs2/Forex_Factory_Calendar/resolve/main/forex_factory_cache.csv,True
2020-11-11,2020-11-11T20:30:00+00:00,cpi,CPI m/m,United States,0.0,0.1,0.2,,percent,Medium Impact Expected,,,ForexFactory,https://www.forexfactory.com/calendar,ForexFactory,https://huggingface.co/datasets/Ehsanrs2/Forex_Factory_Calendar/resolve/main/forex_factory_cache.csv,True
2020-11-16,2020-11-16T20:30:00+00:00,retail_sales,Retail Sales m/m,United States,0.3,0.5,1.6,,percent,High Impact Expected,,,ForexFactory,https://www.forexfactory.com/calendar,ForexFactory,https://huggingface.co/datasets/Ehsanrs2/Forex_Factory_Calendar/resolve/main/forex_factory_cache.csv,True
2020-11-30,2020-11-30T20:30:00+00:00,pmi,ISM Manufacturing PMI,United States,57.5,57.9,59.3,,index,High Impact Expected,,,ForexFactory,https://www.forexfactory.com/calendar,ForexFactory,https://huggingface.co/datasets/Ehsanrs2/Forex_Factory_Calendar/resolve/main/forex_factory_cache.csv,True
2020-12-03,2020-12-03T20:30:00+00:00,nfp,Non-Farm Employment Change,United States,245000.0,480000.0,610000.0,,persons,High Impact Expected,,,ForexFactory,https://www.forexfactory.com/calendar,ForexFactory,https://huggingface.co/datasets/Ehsanrs2/Forex_Factory_Calendar/resolve/main/forex_factory_cache.csv,True
2020-12-03,2020-12-03T20:30:00+00:00,unemployment,Unemployment Rate,United States,6.7,6.8,6.9,,percent,High Impact Expected,,,ForexFactory,https://www.forexfactory.com/calendar,ForexFactory,https://huggingface.co/datasets/Ehsanrs2/Forex_Factory_Calendar/resolve/main/forex_factory_cache.csv,True
2020-12-09,2020-12-09T20:30:00+00:00,core_cpi,Core CPI m/m,United States,0.2,0.1,0.0,,percent,Medium Impact Expected,,,ForexFactory,https://www.forexfactory.com/calendar,ForexFactory,https://huggingface.co/datasets/Ehsanrs2/Forex_Factory_Calendar/resolve/main/forex_factory_cache.csv,True
2020-12-09,2020-12-09T20:30:00+00:00,cpi,CPI m/m,United States,0.2,0.1,0.0,,percent,Medium Impact Expected,,,ForexFactory,https://www.forexfactory.com/calendar,ForexFactory,https://huggingface.co/datasets/Ehsanrs2/Forex_Factory_Calendar/resolve/main/forex_factory_cache.csv,True
2020-12-15,2020-12-15T20:30:00+00:00,retail_sales,Retail Sales m/m,United States,-1.1,-0.3,-0.1,,percent,High Impact Expected,,,ForexFactory,https://www.forexfactory.com/calendar,ForexFactory,https://huggingface.co/datasets/Ehsanrs2/Forex_Factory_Calendar/resolve/main/forex_factory_cache.csv,True
2021-01-05,2021-01-05T15:00:00+00:00,pmi,ISM Manufacturing PMI,United States,60.7,56.6,57.5,,index,Medium Impact Expected,,,ForexFactory,https://www.forexfactory.com/calendar,ForexFactory,https://huggingface.co/datasets/Ehsanrs2/Forex_Factory_Calendar/resolve/main/forex_factory_cache.csv,True
2021-01-07,2021-01-07T20:30:00+00:00,nfp,Non-Farm Employment Change,United States,-140000.0,60000.0,336000.0,,persons,High Impact Expected,,,ForexFactory,https://www.forexfactory.com/calendar,ForexFactory,https://huggingface.co/datasets/Ehsanrs2/Forex_Factory_Calendar/resolve/main/forex_factory_cache.csv,True
2021-01-07,2021-01-07T20:30:00+00:00,unemployment,Unemployment Rate,United States,6.7,6.8,6.7,,percent,High Impact Expected,,,ForexFactory,https://www.forexfactory.com/calendar,ForexFactory,https://huggingface.co/datasets/Ehsanrs2/Forex_Factory_Calendar/resolve/main/forex_factory_cache.csv,True
2021-01-12,2021-01-12T20:30:00+00:00,core_cpi,Core CPI m/m,United States,0.1,0.1,0.2,,percent,Medium Impact Expected,,,ForexFactory,https://www.forexfactory.com/calendar,ForexFactory,https://huggingface.co/datasets/Ehsanrs2/Forex_Factory_Calendar/resolve/main/forex_factory_cache.csv,True
2021-01-12,2021-01-12T20:30:00+00:00,cpi,CPI m/m,United States,0.4,0.4,0.2,,percent,Medium Impact Expected,,,ForexFactory,https://www.forexfactory.com/calendar,ForexFactory,https://huggingface.co/datasets/Ehsanrs2/Forex_Factory_Calendar/resolve/main/forex_factory_cache.csv,True
2021-01-14,2021-01-14T20:30:00+00:00,retail_sales,Retail Sales m/m,United States,-0.7,0.0,-1.4,,percent,High Impact Expected,,,ForexFactory,https://www.forexfactory.com/calendar,ForexFactory,https://huggingface.co/datasets/Ehsanrs2/Forex_Factory_Calendar/resolve/main/forex_factory_cache.csv,True
2021-01-27,2021-01-27T20:30:00+00:00,gdp,Advance GDP q/q,United States,4.0,4.2,33.4,,percent,High Impact Expected,,,ForexFactory,https://www.forexfactory.com/calendar,ForexFactory,https://huggingface.co/datasets/Ehsanrs2/Forex_Factory_Calendar/resolve/main/forex_factory_cache.csv,True
2021-02-01,2021-02-01T15:00:00+00:00,pmi,ISM Manufacturing PMI,United States,58.7,60.0,60.7,,index,High Impact Expected,,,ForexFactory,https://www.forexfactory.com/calendar,ForexFactory,https://huggingface.co/datasets/Ehsanrs2/Forex_Factory_Calendar/resolve/main/forex_factory_cache.csv,True
2021-02-04,2021-02-04T20:30:00+00:00,nfp,Non-Farm Employment Change,United States,49000.0,85000.0,-227000.0,,persons,High Impact Expected,,,ForexFactory,https://www.forexfactory.com/calendar,ForexFactory,https://huggingface.co/datasets/Ehsanrs2/Forex_Factory_Calendar/resolve/main/forex_factory_cache.csv,True
2021-02-04,2021-02-04T20:30:00+00:00,unemployment,Unemployment Rate,United States,6.3,6.7,6.7,,percent,High Impact Expected,,,ForexFactory,https://www.forexfactory.com/calendar,ForexFactory,https://huggingface.co/datasets/Ehsanrs2/Forex_Factory_Calendar/resolve/main/forex_factory_cache.csv,True
2021-02-09,2021-02-09T20:30:00+00:00,core_cpi,Core CPI m/m,United States,0.0,0.2,0.1,,percent,Medium Impact Expected,,,ForexFactory,https://www.forexfactory.com/calendar,ForexFactory,https://huggingface.co/datasets/Ehsanrs2/Forex_Factory_Calendar/resolve/main/forex_factory_cache.csv,True
2021-02-10,2021-02-10T13:30:00+00:00,cpi,CPI m/m,United States,0.3,0.3,0.4,,percent,High Impact Expected,,,ForexFactory,https://www.forexfactory.com/calendar,ForexFactory,https://huggingface.co/datasets/Ehsanrs2/Forex_Factory_Calendar/resolve/main/forex_factory_cache.csv,True
2021-02-16,2021-02-16T20:30:00+00:00,retail_sales,Retail Sales m/m,United States,5.3,1.1,-1.0,,percent,High Impact Expected,,,ForexFactory,https://www.forexfactory.com/calendar,ForexFactory,https://huggingface.co/datasets/Ehsanrs2/Forex_Factory_Calendar/resolve/main/forex_factory_cache.csv,True
2021-03-01,2021-03-01T15:00:00+00:00,pmi,ISM Manufacturing PMI,United States,60.8,58.7,58.7,,index,High Impact Expected,,,ForexFactory,https://www.forexfactory.com/calendar,ForexFactory,https://huggingface.co/datasets/Ehsanrs2/Forex_Factory_Calendar/resolve/main/forex_factory_cache.csv,True
2021-03-04,2021-03-04T20:30:00+00:00,nfp,Non-Farm Employment Change,United States,379000.0,197000.0,166000.0,,persons,High Impact Expected,,,ForexFactory,https://www.forexfactory.com/calendar,ForexFactory,https://huggingface.co/datasets/Ehsanrs2/Forex_Factory_Calendar/resolve/main/forex_factory_cache.csv,True
2021-03-04,2021-03-04T20:30:00+00:00,unemployment,Unemployment Rate,United States,6.2,6.3,6.3,,percent,High Impact Expected,,,ForexFactory,https://www.forexfactory.com/calendar,ForexFactory,https://huggingface.co/datasets/Ehsanrs2/Forex_Factory_Calendar/resolve/main/forex_factory_cache.csv,True
2021-03-09,2021-03-09T20:30:00+00:00,cpi,CPI m/m,United States,0.4,0.4,0.3,,percent,High Impact Expected,,,ForexFactory,https://www.forexfactory.com/calendar,ForexFactory,https://huggingface.co/datasets/Ehsanrs2/Forex_Factory_Calendar/resolve/main/forex_factory_cache.csv,True
2021-03-10,2021-03-10T13:30:00+00:00,core_cpi,Core CPI m/m,United States,0.1,0.2,0.0,,percent,High Impact Expected,,,ForexFactory,https://www.forexfactory.com/calendar,ForexFactory,https://huggingface.co/datasets/Ehsanrs2/Forex_Factory_Calendar/resolve/main/forex_factory_cache.csv,True
2021-03-15,2021-03-15T20:30:00+00:00,retail_sales,Retail Sales m/m,United States,-3.0,-0.5,7.6,,percent,High Impact Expected,,,ForexFactory,https://www.forexfactory.com/calendar,ForexFactory,https://huggingface.co/datasets/Ehsanrs2/Forex_Factory_Calendar/resolve/main/forex_factory_cache.csv,True
2021-04-01,2021-04-01T19:30:00+00:00,nfp,Non-Farm Employment Change,United States,916000.0,652000.0,468000.0,,persons,High Impact Expected,,,ForexFactory,https://www.forexfactory.com/calendar,ForexFactory,https://huggingface.co/datasets/Ehsanrs2/Forex_Factory_Calendar/resolve/main/forex_factory_cache.csv,True
2021-04-01,2021-04-01T14:00:00+00:00,pmi,ISM Manufacturing PMI,United States,64.7,61.5,60.8,,index,Medium Impact Expected,,,ForexFactory,https://www.forexfactory.com/calendar,ForexFactory,https://huggingface.co/datasets/Ehsanrs2/Forex_Factory_Calendar/resolve/main/forex_factory_cache.csv,True
2021-04-01,2021-04-01T19:30:00+00:00,unemployment,Unemployment Rate,United States,6.0,6.0,6.2,,percent,High Impact Expected,,,ForexFactory,https://www.forexfactory.com/calendar,ForexFactory,https://huggingface.co/datasets/Ehsanrs2/Forex_Factory_Calendar/resolve/main/forex_factory_cache.csv,True
2021-04-12,2021-04-12T19:30:00+00:00,cpi,CPI m/m,United States,0.6,0.5,0.4,,percent,High Impact Expected,,,ForexFactory,https://www.forexfactory.com/calendar,ForexFactory,https://huggingface.co/datasets/Ehsanrs2/Forex_Factory_Calendar/resolve/main/forex_factory_cache.csv,True
2021-04-13,2021-04-13T12:30:00+00:00,core_cpi,Core CPI m/m,United States,0.3,0.2,0.1,,percent,High Impact Expected,,,ForexFactory,https://www.forexfactory.com/calendar,ForexFactory,https://huggingface.co/datasets/Ehsanrs2/Forex_Factory_Calendar/resolve/main/forex_factory_cache.csv,True
2021-04-14,2021-04-14T19:30:00+00:00,retail_sales,Retail Sales m/m,United States,9.8,5.8,-2.7,,percent,High Impact Expected,,,ForexFactory,https://www.forexfactory.com/calendar,ForexFactory,https://huggingface.co/datasets/Ehsanrs2/Forex_Factory_Calendar/resolve/main/forex_factory_cache.csv,True
2021-04-29,2021-04-29T12:30:00+00:00,gdp,Advance GDP q/q,United States,6.4,6.8,4.3,,percent,High Impact Expected,,,ForexFactory,https://www.forexfactory.com/calendar,ForexFactory,https://huggingface.co/datasets/Ehsanrs2/Forex_Factory_Calendar/resolve/main/forex_factory_cache.csv,True
2021-05-03,2021-05-03T14:00:00+00:00,pmi,ISM Manufacturing PMI,United States,60.7,65.0,64.7,,index,Medium Impact Expected,,,ForexFactory,https://www.forexfactory.com/calendar,ForexFactory,https://huggingface.co/datasets/Ehsanrs2/Forex_Factory_Calendar/resolve/main/forex_factory_cache.csv,True
2021-05-06,2021-05-06T19:30:00+00:00,nfp,Non-Farm Employment Change,United States,266000.0,990000.0,770000.0,,persons,High Impact Expected,,,ForexFactory,https://www.forexfactory.com/calendar,ForexFactory,https://huggingface.co/datasets/Ehsanrs2/Forex_Factory_Calendar/resolve/main/forex_factory_cache.csv,True
2021-05-06,2021-05-06T19:30:00+00:00,unemployment,Unemployment Rate,United States,6.1,5.8,6.0,,percent,High Impact Expected,,,ForexFactory,https://www.forexfactory.com/calendar,ForexFactory,https://huggingface.co/datasets/Ehsanrs2/Forex_Factory_Calendar/resolve/main/forex_factory_cache.csv,True
2021-05-11,2021-05-11T19:30:00+00:00,cpi,CPI m/m,United States,0.8,0.2,0.6,,percent,High Impact Expected,,,ForexFactory,https://www.forexfactory.com/calendar,ForexFactory,https://huggingface.co/datasets/Ehsanrs2/Forex_Factory_Calendar/resolve/main/forex_factory_cache.csv,True
2021-05-12,2021-05-12T12:30:00+00:00,core_cpi,Core CPI m/m,United States,0.9,0.3,0.3,,percent,High Impact Expected,,,ForexFactory,https://www.forexfactory.com/calendar,ForexFactory,https://huggingface.co/datasets/Ehsanrs2/Forex_Factory_Calendar/resolve/main/forex_factory_cache.csv,True
2021-05-13,2021-05-13T19:30:00+00:00,retail_sales,Retail Sales m/m,United States,0.0,1.0,10.7,,percent,High Impact Expected,,,ForexFactory,https://www.forexfactory.com/calendar,ForexFactory,https://huggingface.co/datasets/Ehsanrs2/Forex_Factory_Calendar/resolve/main/forex_factory_cache.csv,True
2021-06-01,2021-06-01T14:00:00+00:00,pmi,ISM Manufacturing PMI,United States,61.2,60.8,60.7,,index,High Impact Expected,,,ForexFactory,https://www.forexfactory.com/calendar,ForexFactory,https://huggingface.co/datasets/Ehsanrs2/Forex_Factory_Calendar/resolve/main/forex_factory_cache.csv,True
2021-06-03,2021-06-03T19:30:00+00:00,nfp,Non-Farm Employment Change,United States,559000.0,645000.0,278000.0,,persons,High Impact Expected,,,ForexFactory,https://www.forexfactory.com/calendar,ForexFactory,https://huggingface.co/datasets/Ehsanrs2/Forex_Factory_Calendar/resolve/main/forex_factory_cache.csv,True
2021-06-03,2021-06-03T19:30:00+00:00,unemployment,Unemployment Rate,United States,5.8,5.9,6.1,,percent,High Impact Expected,,,ForexFactory,https://www.forexfactory.com/calendar,ForexFactory,https://huggingface.co/datasets/Ehsanrs2/Forex_Factory_Calendar/resolve/main/forex_factory_cache.csv,True
2021-06-09,2021-06-09T19:30:00+00:00,core_cpi,Core CPI m/m,United States,0.7,0.5,0.9,,percent,High Impact Expected,,,ForexFactory,https://www.forexfactory.com/calendar,ForexFactory,https://huggingface.co/datasets/Ehsanrs2/Forex_Factory_Calendar/resolve/main/forex_factory_cache.csv,True
2021-06-09,2021-06-09T19:30:00+00:00,cpi,CPI m/m,United States,0.6,0.4,0.8,,percent,High Impact Expected,,,ForexFactory,https://www.forexfactory.com/calendar,ForexFactory,https://huggingface.co/datasets/Ehsanrs2/Forex_Factory_Calendar/resolve/main/forex_factory_cache.csv,True
2021-06-14,2021-06-14T19:30:00+00:00,retail_sales,Retail Sales m/m,United States,-1.3,-0.6,0.9,,percent,High Impact Expected,,,ForexFactory,https://www.forexfactory.com/calendar,ForexFactory,https://huggingface.co/datasets/Ehsanrs2/Forex_Factory_Calendar/resolve/main/forex_factory_cache.csv,True
2021-07-01,2021-07-01T19:30:00+00:00,nfp,Non-Farm Employment Change,United States,850000.0,725000.0,583000.0,,persons,High Impact Expected,,,ForexFactory,https://www.forexfactory.com/calendar,ForexFactory,https://huggingface.co/datasets/Ehsanrs2/Forex_Factory_Calendar/resolve/main/forex_factory_cache.csv,True
2021-07-01,2021-07-01T14:00:00+00:00,pmi,ISM Manufacturing PMI,United States,60.6,61.0,61.2,,index,High Impact Expected,,,ForexFactory,https://www.forexfactory.com/calendar,ForexFactory,https://huggingface.co/datasets/Ehsanrs2/Forex_Factory_Calendar/resolve/main/forex_factory_cache.csv,True
2021-07-01,2021-07-01T19:30:00+00:00,unemployment,Unemployment Rate,United States,5.9,5.6,5.8,,percent,High Impact Expected,,,ForexFactory,https://www.forexfactory.com/calendar,ForexFactory,https://huggingface.co/datasets/Ehsanrs2/Forex_Factory_Calendar/resolve/main/forex_factory_cache.csv,True
2021-07-12,2021-07-12T19:30:00+00:00,cpi,CPI m/m,United States,0.9,0.5,0.6,,percent,High Impact Expected,,,ForexFactory,https://www.forexfactory.com/calendar,ForexFactory,https://huggingface.co/datasets/Ehsanrs2/Forex_Factory_Calendar/resolve/main/forex_factory_cache.csv,True
2021-07-13,2021-07-13T12:30:00+00:00,core_cpi,Core CPI m/m,United States,0.9,0.4,0.7,,percent,High Impact Expected,,,ForexFactory,https://www.forexfactory.com/calendar,ForexFactory,https://huggingface.co/datasets/Ehsanrs2/Forex_Factory_Calendar/resolve/main/forex_factory_cache.csv,True
2021-07-15,2021-07-15T19:30:00+00:00,retail_sales,Retail Sales m/m,United States,0.6,-0.4,-1.7,,percent,High Impact Expected,,,ForexFactory,https://www.forexfactory.com/calendar,ForexFactory,https://huggingface.co/datasets/Ehsanrs2/Forex_Factory_Calendar/resolve/main/forex_factory_cache.csv,True
2021-07-29,2021-07-29T12:30:00+00:00,gdp,Advance GDP q/q,United States,6.5,8.5,6.4,,percent,High Impact Expected,,,ForexFactory,https://www.forexfactory.com/calendar,ForexFactory,https://huggingface.co/datasets/Ehsanrs2/Forex_Factory_Calendar/resolve/main/forex_factory_cache.csv,True
2021-08-02,2021-08-02T14:00:00+00:00,pmi,ISM Manufacturing PMI,United States,59.5,60.8,60.6,,index,High Impact Expected,,,ForexFactory,https://www.forexfactory.com/calendar,ForexFactory,https://huggingface.co/datasets/Ehsanrs2/Forex_Factory_Calendar/resolve/main/forex_factory_cache.csv,True
2021-08-05,2021-08-05T19:30:00+00:00,nfp,Non-Farm Employment Change,United States,943000.0,870000.0,938000.0,,persons,High Impact Expected,,,ForexFactory,https://www.forexfactory.com/calendar,ForexFactory,https://huggingface.co/datasets/Ehsanrs2/Forex_Factory_Calendar/resolve/main/forex_factory_cache.csv,True
2021-08-05,2021-08-05T19:30:00+00:00,unemployment,Unemployment Rate,United States,5.4,5.7,5.9,,percent,High Impact Expected,,,ForexFactory,https://www.forexfactory.com/calendar,ForexFactory,https://huggingface.co/datasets/Ehsanrs2/Forex_Factory_Calendar/resolve/main/forex_factory_cache.csv,True
2021-08-10,2021-08-10T19:30:00+00:00,cpi,CPI m/m,United States,0.5,0.5,0.9,,percent,High Impact Expected,,,ForexFactory,https://www.forexfactory.com/calendar,ForexFactory,https://huggingface.co/datasets/Ehsanrs2/Forex_Factory_Calendar/resolve/main/forex_factory_cache.csv,True
2021-08-11,2021-08-11T12:30:00+00:00,core_cpi,Core CPI m/m,United States,0.3,0.4,0.9,,percent,High Impact Expected,,,ForexFactory,https://www.forexfactory.com/calendar,ForexFactory,https://huggingface.co/datasets/Ehsanrs2/Forex_Factory_Calendar/resolve/main/forex_factory_cache.csv,True
2021-08-16,2021-08-16T19:30:00+00:00,retail_sales,Retail Sales m/m,United States,-1.1,-0.2,0.7,,percent,High Impact Expected,,,ForexFactory,https://www.forexfactory.com/calendar,ForexFactory,https://huggingface.co/datasets/Ehsanrs2/Forex_Factory_Calendar/resolve/main/forex_factory_cache.csv,True
2021-09-01,2021-09-01T14:00:00+00:00,pmi,ISM Manufacturing PMI,United States,59.9,58.5,59.5,,index,High Impact Expected,,,ForexFactory,https://www.forexfactory.com/calendar,ForexFactory,https://huggingface.co/datasets/Ehsanrs2/Forex_Factory_Calendar/resolve/main/forex_factory_cache.csv,True
2021-09-02,2021-09-02T19:30:00+00:00,nfp,Non-Farm Employment Change,United States,235000.0,720000.0,1053000.0,,persons,High Impact Expected,,,ForexFactory,https://www.forexfactory.com/calendar,ForexFactory,https://huggingface.co/datasets/Ehsanrs2/Forex_Factory_Calendar/resolve/main/forex_factory_cache.csv,True
2021-09-02,2021-09-02T19:30:00+00:00,unemployment,Unemployment Rate,United States,5.2,5.2,5.4,,percent,High Impact Expected,,,ForexFactory,https://www.forexfactory.com/calendar,ForexFactory,https://huggingface.co/datasets/Ehsanrs2/Forex_Factory_Calendar/resolve/main/forex_factory_cache.csv,True
2021-09-13,2021-09-13T19:30:00+00:00,core_cpi,Core CPI m/m,United States,0.1,0.3,0.3,,percent,High Impact Expected,,,ForexFactory,https://www.forexfactory.com/calendar,ForexFactory,https://huggingface.co/datasets/Ehsanrs2/Forex_Factory_Calendar/resolve/main/forex_factory_cache.csv,True
2021-09-13,2021-09-13T19:30:00+00:00,cpi,CPI m/m,United States,0.3,0.4,0.5,,percent,High Impact Expected,,,ForexFactory,https://www.forexfactory.com/calendar,ForexFactory,https://huggingface.co/datasets/Ehsanrs2/Forex_Factory_Calendar/resolve/main/forex_factory_cache.csv,True
2021-09-15,2021-09-15T19:30:00+00:00,retail_sales,Retail Sales m/m,United States,0.7,-0.7,-1.8,,percent,High Impact Expected,,,ForexFactory,https://www.forexfactory.com/calendar,ForexFactory,https://huggingface.co/datasets/Ehsanrs2/Forex_Factory_Calendar/resolve/main/forex_factory_cache.csv,True
2021-10-01,2021-10-01T14:00:00+00:00,pmi,ISM Manufacturing PMI,United States,61.1,59.6,59.9,,index,High Impact Expected,,,ForexFactory,https://www.forexfactory.com/calendar,ForexFactory,https://huggingface.co/datasets/Ehsanrs2/Forex_Factory_Calendar/resolve/main/forex_factory_cache.csv,True
2021-10-07,2021-10-07T20:30:00+00:00,nfp,Non-Farm Employment Change,United States,194000.0,490000.0,366000.0,,persons,High Impact Expected,,,ForexFactory,https://www.forexfactory.com/calendar,ForexFactory,https://huggingface.co/datasets/Ehsanrs2/Forex_Factory_Calendar/resolve/main/forex_factory_cache.csv,True
2021-10-07,2021-10-07T20:30:00+00:00,unemployment,Unemployment Rate,United States,4.8,5.1,5.2,,percent,High Impact Expected,,,ForexFactory,https://www.forexfactory.com/calendar,ForexFactory,https://huggingface.co/datasets/Ehsanrs2/Forex_Factory_Calendar/resolve/main/forex_factory_cache.csv,True
2021-10-12,2021-10-12T20:30:00+00:00,cpi,CPI m/m,United States,0.4,0.3,0.3,,percent,High Impact Expected,,,ForexFactory,https://www.forexfactory.com/calendar,ForexFactory,https://huggingface.co/datasets/Ehsanrs2/Forex_Factory_Calendar/resolve/main/forex_factory_cache.csv,True
2021-10-13,2021-10-13T12:30:00+00:00,core_cpi,Core CPI m/m,United States,0.2,0.2,0.1,,percent,High Impact Expected,,,ForexFactory,https://www.forexfactory.com/calendar,ForexFactory,https://huggingface.co/datasets/Ehsanrs2/Forex_Factory_Calendar/resolve/main/forex_factory_cache.csv,True
2021-10-14,2021-10-14T20:30:00+00:00,retail_sales,Retail Sales m/m,United States,0.7,-0.2,0.9,,percent,High Impact Expected,,,ForexFactory,https://www.forexfactory.com/calendar,ForexFactory,https://huggingface.co/datasets/Ehsanrs2/Forex_Factory_Calendar/resolve/main/forex_factory_cache.csv,True
2021-10-27,2021-10-27T20:30:00+00:00,gdp,Advance GDP q/q,United States,2.0,2.6,6.7,,percent,High Impact Expected,,,ForexFactory,https://www.forexfactory.com/calendar,ForexFactory,https://huggingface.co/datasets/Ehsanrs2/Forex_Factory_Calendar/resolve/main/forex_factory_cache.csv,True
2021-11-01,2021-11-01T14:00:00+00:00,pmi,ISM Manufacturing PMI,United States,60.8,60.4,61.1,,index,High Impact Expected,,,ForexFactory,https://www.forexfactory.com/calendar,ForexFactory,https://huggingface.co/datasets/Ehsanrs2/Forex_Factory_Calendar/resolve/main/forex_factory_cache.csv,True
2021-11-04,2021-11-04T20:30:00+00:00,nfp,Non-Farm Employment Change,United States,531000.0,455000.0,312000.0,,persons,High Impact Expected,,,ForexFactory,https://www.forexfactory.com/calendar,ForexFactory,https://huggingface.co/datasets/Ehsanrs2/Forex_Factory_Calendar/resolve/main/forex_factory_cache.csv,True
2021-11-04,2021-11-04T20:30:00+00:00,unemployment,Unemployment Rate,United States,4.6,4.7,4.8,,percent,High Impact Expected,,,ForexFactory,https://www.forexfactory.com/calendar,ForexFactory,https://huggingface.co/datasets/Ehsanrs2/Forex_Factory_Calendar/resolve/main/forex_factory_cache.csv,True
2021-11-09,2021-11-09T20:30:00+00:00,core_cpi,Core CPI m/m,United States,0.6,0.4,0.2,,percent,High Impact Expected,,,ForexFactory,https://www.forexfactory.com/calendar,ForexFactory,https://huggingface.co/datasets/Ehsanrs2/Forex_Factory_Calendar/resolve/main/forex_factory_cache.csv,True
2021-11-09,2021-11-09T20:30:00+00:00,cpi,CPI m/m,United States,0.9,0.6,0.4,,percent,High Impact Expected,,,ForexFactory,https://www.forexfactory.com/calendar,ForexFactory,https://huggingface.co/datasets/Ehsanrs2/Forex_Factory_Calendar/resolve/main/forex_factory_cache.csv,True
2021-11-15,2021-11-15T20:30:00+00:00,retail_sales,Retail Sales m/m,United States,1.7,1.3,0.8,,percent,High Impact Expected,,,ForexFactory,https://www.forexfactory.com/calendar,ForexFactory,https://huggingface.co/datasets/Ehsanrs2/Forex_Factory_Calendar/resolve/main/forex_factory_cache.csv,True
2021-11-30,2021-11-30T20:30:00+00:00,pmi,ISM Manufacturing PMI,United States,61.1,61.3,60.8,,index,High Impact Expected,,,ForexFactory,https://www.forexfactory.com/calendar,ForexFactory,https://huggingface.co/datasets/Ehsanrs2/Forex_Factory_Calendar/resolve/main/forex_factory_cache.csv,True
2021-12-02,2021-12-02T20:30:00+00:00,nfp,Non-Farm Employment Change,United States,210000.0,553000.0,546000.0,,persons,High Impact Expected,,,ForexFactory,https://www.forexfactory.com/calendar,ForexFactory,https://huggingface.co/datasets/Ehsanrs2/Forex_Factory_Calendar/resolve/main/forex_factory_cache.csv,True
2021-12-02,2021-12-02T20:30:00+00:00,unemployment,Unemployment Rate,United States,4.2,4.5,4.6,,percent,High Impact Expected,,,ForexFactory,https://www.forexfactory.com/calendar,ForexFactory,https://huggingface.co/datasets/Ehsanrs2/Forex_Factory_Calendar/resolve/main/forex_factory_cache.csv,True
2021-12-09,2021-12-09T20:30:00+00:00,core_cpi,Core CPI m/m,United States,0.5,0.5,0.6,,percent,High Impact Expected,,,ForexFactory,https://www.forexfactory.com/calendar,ForexFactory,https://huggingface.co/datasets/Ehsanrs2/Forex_Factory_Calendar/resolve/main/forex_factory_cache.csv,True
2021-12-09,2021-12-09T20:30:00+00:00,cpi,CPI m/m,United States,0.8,0.7,0.9,,percent,High Impact Expected,,,ForexFactory,https://www.forexfactory.com/calendar,ForexFactory,https://huggingface.co/datasets/Ehsanrs2/Forex_Factory_Calendar/resolve/main/forex_factory_cache.csv,True
2021-12-14,2021-12-14T20:30:00+00:00,retail_sales,Retail Sales m/m,United States,0.3,0.8,1.8,,percent,High Impact Expected,,,ForexFactory,https://www.forexfactory.com/calendar,ForexFactory,https://huggingface.co/datasets/Ehsanrs2/Forex_Factory_Calendar/resolve/main/forex_factory_cache.csv,True
2022-01-04,2022-01-04T15:00:00+00:00,pmi,ISM Manufacturing PMI,United States,58.7,60.0,61.1,,index,High Impact Expected,,,ForexFactory,https://www.forexfactory.com/calendar,ForexFactory,https://huggingface.co/datasets/Ehsanrs2/Forex_Factory_Calendar/resolve/main/forex_factory_cache.csv,True
2022-01-06,2022-01-06T20:30:00+00:00,nfp,Non-Farm Employment Change,United States,199000.0,426000.0,249000.0,,persons,High Impact Expected,,,ForexFactory,https://www.forexfactory.com/calendar,ForexFactory,https://huggingface.co/datasets/Ehsanrs2/Forex_Factory_Calendar/resolve/main/forex_factory_cache.csv,True
2022-01-06,2022-01-06T20:30:00+00:00,unemployment,Unemployment Rate,United States,3.9,4.1,4.2,,percent,High Impact Expected,,,ForexFactory,https://www.forexfactory.com/calendar,ForexFactory,https://huggingface.co/datasets/Ehsanrs2/Forex_Factory_Calendar/resolve/main/forex_factory_cache.csv,True
2022-01-11,2022-01-11T20:30:00+00:00,cpi,CPI m/m,United States,0.5,0.4,0.8,,percent,High Impact Expected,,,ForexFactory,https://www.forexfactory.com/calendar,ForexFactory,https://huggingface.co/datasets/Ehsanrs2/Forex_Factory_Calendar/resolve/main/forex_factory_cache.csv,True
2022-01-12,2022-01-12T13:30:00+00:00,core_cpi,Core CPI m/m,United States,0.6,0.5,0.5,,percent,High Impact Expected,,,ForexFactory,https://www.forexfactory.com/calendar,ForexFactory,https://huggingface.co/datasets/Ehsanrs2/Forex_Factory_Calendar/resolve/main/forex_factory_cache.csv,True
2022-01-13,2022-01-13T20:30:00+00:00,retail_sales,Retail Sales m/m,United States,-1.9,0.0,0.2,,percent,High Impact Expected,,,ForexFactory,https://www.forexfactory.com/calendar,ForexFactory,https://huggingface.co/datasets/Ehsanrs2/Forex_Factory_Calendar/resolve/main/forex_factory_cache.csv,True
2022-01-27,2022-01-27T13:30:00+00:00,gdp,Advance GDP q/q,United States,6.9,5.3,2.3,,percent,High Impact Expected,,,ForexFactory,https://www.forexfactory.com/calendar,ForexFactory,https://huggingface.co/datasets/Ehsanrs2/Forex_Factory_Calendar/resolve/main/forex_factory_cache.csv,True
2022-02-01,2022-02-01T15:00:00+00:00,pmi,ISM Manufacturing PMI,United States,57.6,57.4,58.7,,index,High Impact Expected,,,ForexFactory,https://www.forexfactory.com/calendar,ForexFactory,https://huggingface.co/datasets/Ehsanrs2/Forex_Factory_Calendar/resolve/main/forex_factory_cache.csv,True
2022-02-03,2022-02-03T20:30:00+00:00,nfp,Non-Farm Employment Change,United States,467000.0,110000.0,510000.0,,persons,High Impact Expected,,,ForexFactory,https://www.forexfactory.com/calendar,ForexFactory,https://huggingface.co/datasets/Ehsanrs2/Forex_Factory_Calendar/resolve/main/forex_factory_cache.csv,True
2022-02-03,2022-02-03T20:30:00+00:00,unemployment,Unemployment Rate,United States,4.0,3.9,3.9,,percent,High Impact Expected,,,ForexFactory,https://www.forexfactory.com/calendar,ForexFactory,https://huggingface.co/datasets/Ehsanrs2/Forex_Factory_Calendar/resolve/main/forex_factory_cache.csv,True
2022-02-09,2022-02-09T20:30:00+00:00,cpi,CPI m/m,United States,0.6,0.4,0.5,,percent,High Impact Expected,,,ForexFactory,https://www.forexfactory.com/calendar,ForexFactory,https://huggingface.co/datasets/Ehsanrs2/Forex_Factory_Calendar/resolve/main/forex_factory_cache.csv,True
2022-02-10,2022-02-10T13:30:00+00:00,core_cpi,Core CPI m/m,United States,0.6,0.5,0.6,,percent,High Impact Expected,,,ForexFactory,https://www.forexfactory.com/calendar,ForexFactory,https://huggingface.co/datasets/Ehsanrs2/Forex_Factory_Calendar/resolve/main/forex_factory_cache.csv,True
2022-02-15,2022-02-15T20:30:00+00:00,retail_sales,Retail Sales m/m,United States,3.8,2.1,-2.5,,percent,High Impact Expected,,,ForexFactory,https://www.forexfactory.com/calendar,ForexFactory,https://huggingface.co/datasets/Ehsanrs2/Forex_Factory_Calendar/resolve/main/forex_factory_cache.csv,True
2022-03-01,2022-03-01T15:00:00+00:00,pmi,ISM Manufacturing PMI,United States,58.6,58.0,57.6,,index,High Impact Expected,,,ForexFactory,https://www.forexfactory.com/calendar,ForexFactory,https://huggingface.co/datasets/Ehsanrs2/Forex_Factory_Calendar/resolve/main/forex_factory_cache.csv,True
2022-03-03,2022-03-03T20:30:00+00:00,nfp,Non-Farm Employment Change,United States,678000.0,407000.0,481000.0,,persons,High Impact Expected,,,ForexFactory,https://www.forexfactory.com/calendar,ForexFactory,https://huggingface.co/datasets/Ehsanrs2/Forex_Factory_Calendar/resolve/main/forex_factory_cache.csv,True
2022-03-03,2022-03-03T20:30:00+00:00,unemployment,Unemployment Rate,United States,3.8,3.9,4.0,,percent,High Impact Expected,,,ForexFactory,https://www.forexfactory.com/calendar,ForexFactory,https://huggingface.co/datasets/Ehsanrs2/Forex_Factory_Calendar/resolve/main/forex_factory_cache.csv,True
2022-03-09,2022-03-09T20:30:00+00:00,core_cpi,Core CPI m/m,United States,0.5,0.5,0.6,,percent,High Impact Expected,,,ForexFactory,https://www.forexfactory.com/calendar,ForexFactory,https://huggingface.co/datasets/Ehsanrs2/Forex_Factory_Calendar/resolve/main/forex_factory_cache.csv,True
2022-03-09,2022-03-09T20:30:00+00:00,cpi,CPI m/m,United States,0.8,0.8,0.6,,percent,High Impact Expected,,,ForexFactory,https://www.forexfactory.com/calendar,ForexFactory,https://huggingface.co/datasets/Ehsanrs2/Forex_Factory_Calendar/resolve/main/forex_factory_cache.csv,True
2022-03-15,2022-03-15T20:30:00+00:00,retail_sales,Retail Sales m/m,United States,0.3,0.4,4.9,,percent,High Impact Expected,,,ForexFactory,https://www.forexfactory.com/calendar,ForexFactory,https://huggingface.co/datasets/Ehsanrs2/Forex_Factory_Calendar/resolve/main/forex_factory_cache.csv,True
2022-03-31,2022-03-31T19:30:00+00:00,nfp,Non-Farm Employment Change,United States,431000.0,492000.0,750000.0,,persons,High Impact Expected,,,ForexFactory,https://www.forexfactory.com/calendar,ForexFactory,https://huggingface.co/datasets/Ehsanrs2/Forex_Factory_Calendar/resolve/main/forex_factory_cache.csv,True
2022-03-31,2022-03-31T19:30:00+00:00,unemployment,Unemployment Rate,United States,3.6,3.7,3.8,,percent,High Impact Expected,,,ForexFactory,https://www.forexfactory.com/calendar,ForexFactory,https://huggingface.co/datasets/Ehsanrs2/Forex_Factory_Calendar/resolve/main/forex_factory_cache.csv,True
2022-04-01,2022-04-01T14:00:00+00:00,pmi,ISM Manufacturing PMI,United States,57.1,58.9,58.6,,index,High Impact Expected,,,ForexFactory,https://www.forexfactory.com/calendar,ForexFactory,https://huggingface.co/datasets/Ehsanrs2/Forex_Factory_Calendar/resolve/main/forex_factory_cache.csv,True
2022-04-11,2022-04-11T19:30:00+00:00,cpi,CPI m/m,United States,1.2,1.2,0.8,,percent,High Impact Expected,,,ForexFactory,https://www.forexfactory.com/calendar,ForexFactory,https://huggingface.co/datasets/Ehsanrs2/Forex_Factory_Calendar/resolve/main/forex_factory_cache.csv,True
2022-04-12,2022-04-12T12:30:00+00:00,core_cpi,Core CPI m/m,United States,0.3,0.5,0.5,,percent,High Impact Expected,,,ForexFactory,https://www.forexfactory.com/calendar,ForexFactory,https://huggingface.co/datasets/Ehsanrs2/Forex_Factory_Calendar/resolve/main/forex_factory_cache.csv,True
2022-04-13,2022-04-13T19:30:00+00:00,retail_sales,Retail Sales m/m,United States,0.5,0.6,0.8,,percent,High Impact Expected,,,ForexFactory,https://www.forexfactory.com/calendar,ForexFactory,https://huggingface.co/datasets/Ehsanrs2/Forex_Factory_Calendar/resolve/main/forex_factory_cache.csv,True
2022-04-28,2022-04-28T12:30:00+00:00,gdp,Advance GDP q/q,United States,-1.4,1.1,6.9,,percent,High Impact Expected,,,ForexFactory,https://www.forexfactory.com/calendar,ForexFactory,https://huggingface.co/datasets/Ehsanrs2/Forex_Factory_Calendar/resolve/main/forex_factory_cache.csv,True
2022-05-02,2022-05-02T14:00:00+00:00,pmi,ISM Manufacturing PMI,United States,55.4,57.5,57.1,,index,High Impact Expected,,,ForexFactory,https://www.forexfactory.com/calendar,ForexFactory,https://huggingface.co/datasets/Ehsanrs2/Forex_Factory_Calendar/resolve/main/forex_factory_cache.csv,True
2022-05-05,2022-05-05T19:30:00+00:00,nfp,Non-Farm Employment Change,United States,428000.0,390000.0,428000.0,,persons,High Impact Expected,,,ForexFactory,https://www.forexfactory.com/calendar,ForexFactory,https://huggingface.co/datasets/Ehsanrs2/Forex_Factory_Calendar/resolve/main/forex_factory_cache.csv,True
2022-05-05,2022-05-05T19:30:00+00:00,unemployment,Unemployment Rate,United States,3.6,3.5,3.6,,percent,High Impact Expected,,,ForexFactory,https://www.forexfactory.com/calendar,ForexFactory,https://huggingface.co/datasets/Ehsanrs2/Forex_Factory_Calendar/resolve/main/forex_factory_cache.csv,True
2022-05-10,2022-05-10T19:30:00+00:00,cpi,CPI m/m,United States,0.3,0.2,1.2,,percent,High Impact Expected,,,ForexFactory,https://www.forexfactory.com/calendar,ForexFactory,https://huggingface.co/datasets/Ehsanrs2/Forex_Factory_Calendar/resolve/main/forex_factory_cache.csv,True
2022-05-11,2022-05-11T12:30:00+00:00,core_cpi,Core CPI m/m,United States,0.6,0.4,0.3,,percent,High Impact Expected,,,ForexFactory,https://www.forexfactory.com/calendar,ForexFactory,https://huggingface.co/datasets/Ehsanrs2/Forex_Factory_Calendar/resolve/main/forex_factory_cache.csv,True
2022-05-16,2022-05-16T19:30:00+00:00,retail_sales,Retail Sales m/m,United States,0.9,1.0,1.4,,percent,High Impact Expected,,,ForexFactory,https://www.forexfactory.com/calendar,ForexFactory,https://huggingface.co/datasets/Ehsanrs2/Forex_Factory_Calendar/resolve/main/forex_factory_cache.csv,True
2022-05-31,2022-05-31T19:30:00+00:00,pmi,ISM Manufacturing PMI,United States,56.1,54.4,55.4,,index,High Impact Expected,,,ForexFactory,https://www.forexfactory.com/calendar,ForexFactory,https://huggingface.co/datasets/Ehsanrs2/Forex_Factory_Calendar/resolve/main/forex_factory_cache.csv,True
2022-06-02,2022-06-02T19:30:00+00:00,nfp,Non-Farm Employment Change,United States,390000.0,325000.0,436000.0,,persons,High Impact Expected,,,ForexFactory,https://www.forexfactory.com/calendar,ForexFactory,https://huggingface.co/datasets/Ehsanrs2/Forex_Factory_Calendar/resolve/main/forex_factory_cache.csv,True
2022-06-02,2022-06-02T19:30:00+00:00,unemployment,Unemployment Rate,United States,3.6,3.5,3.6,,percent,High Impact Expected,,,ForexFactory,https://www.forexfactory.com/calendar,ForexFactory,https://huggingface.co/datasets/Ehsanrs2/Forex_Factory_Calendar/resolve/main/forex_factory_cache.csv,True
2022-06-09,2022-06-09T19:30:00+00:00,core_cpi,Core CPI m/m,United States,0.6,0.5,0.6,,percent,High Impact Expected,,,ForexFactory,https://www.forexfactory.com/calendar,ForexFactory,https://huggingface.co/datasets/Ehsanrs2/Forex_Factory_Calendar/resolve/main/forex_factory_cache.csv,True
2022-06-09,2022-06-09T19:30:00+00:00,cpi,CPI m/m,United States,1.0,0.7,0.3,,percent,High Impact Expected,,,ForexFactory,https://www.forexfactory.com/calendar,ForexFactory,https://huggingface.co/datasets/Ehsanrs2/Forex_Factory_Calendar/resolve/main/forex_factory_cache.csv,True
2022-06-14,2022-06-14T19:30:00+00:00,retail_sales,Retail Sales m/m,United States,-0.3,0.1,0.7,,percent,High Impact Expected,,,ForexFactory,https://www.forexfactory.com/calendar,ForexFactory,https://huggingface.co/datasets/Ehsanrs2/Forex_Factory_Calendar/resolve/main/forex_factory_cache.csv,True
2022-07-01,2022-07-01T14:00:00+00:00,pmi,ISM Manufacturing PMI,United States,53.0,54.6,56.1,,index,High Impact Expected,,,ForexFactory,https://www.forexfactory.com/calendar,ForexFactory,https://huggingface.co/datasets/Ehsanrs2/Forex_Factory_Calendar/resolve/main/forex_factory_cache.csv,True
2022-07-07,2022-07-07T19:30:00+00:00,nfp,Non-Farm Employment Change,United States,372000.0,260000.0,384000.0,,persons,High Impact Expected,,,ForexFactory,https://www.forexfactory.com/calendar,ForexFactory,https://huggingface.co/datasets/Ehsanrs2/Forex_Factory_Calendar/resolve/main/forex_factory_cache.csv,True
2022-07-07,2022-07-07T19:30:00+00:00,unemployment,Unemployment Rate,United States,3.6,3.6,3.6,,percent,High Impact Expected,,,ForexFactory,https://www.forexfactory.com/calendar,ForexFactory,https://huggingface.co/datasets/Ehsanrs2/Forex_Factory_Calendar/resolve/main/forex_factory_cache.csv,True
2022-07-12,2022-07-12T19:30:00+00:00,cpi,CPI m/m,United States,1.3,1.1,1.0,,percent,High Impact Expected,,,ForexFactory,https://www.forexfactory.com/calendar,ForexFactory,https://huggingface.co/datasets/Ehsanrs2/Forex_Factory_Calendar/resolve/main/forex_factory_cache.csv,True
2022-07-13,2022-07-13T12:30:00+00:00,core_cpi,Core CPI m/m,United States,0.7,0.5,0.6,,percent,High Impact Expected,,,ForexFactory,https://www.forexfactory.com/calendar,ForexFactory,https://huggingface.co/datasets/Ehsanrs2/Forex_Factory_Calendar/resolve/main/forex_factory_cache.csv,True
2022-07-14,2022-07-14T19:30:00+00:00,retail_sales,Retail Sales m/m,United States,1.0,0.9,-0.1,,percent,High Impact Expected,,,ForexFactory,https://www.forexfactory.com/calendar,ForexFactory,https://huggingface.co/datasets/Ehsanrs2/Forex_Factory_Calendar/resolve/main/forex_factory_cache.csv,True
2022-07-28,2022-07-28T12:30:00+00:00,gdp,Advance GDP q/q,United States,-0.9,0.4,-1.6,,percent,High Impact Expected,,,ForexFactory,https://www.forexfactory.com/calendar,ForexFactory,https://huggingface.co/datasets/Ehsanrs2/Forex_Factory_Calendar/resolve/main/forex_factory_cache.csv,True
2022-08-01,2022-08-01T14:00:00+00:00,pmi,ISM Manufacturing PMI,United States,52.8,52.3,53.0,,index,High Impact Expected,,,ForexFactory,https://www.forexfactory.com/calendar,ForexFactory,https://huggingface.co/datasets/Ehsanrs2/Forex_Factory_Calendar/resolve/main/forex_factory_cache.csv,True
2022-08-04,2022-08-04T19:30:00+00:00,nfp,Non-Farm Employment Change,United States,528000.0,250000.0,398000.0,,persons,High Impact Expected,,,ForexFactory,https://www.forexfactory.com/calendar,ForexFactory,https://huggingface.co/datasets/Ehsanrs2/Forex_Factory_Calendar/resolve/main/forex_factory_cache.csv,True
2022-08-04,2022-08-04T19:30:00+00:00,unemployment,Unemployment Rate,United States,3.5,3.6,3.6,,percent,High Impact Expected,,,ForexFactory,https://www.forexfactory.com/calendar,ForexFactory,https://huggingface.co/datasets/Ehsanrs2/Forex_Factory_Calendar/resolve/main/forex_factory_cache.csv,True
2022-08-09,2022-08-09T19:30:00+00:00,cpi,CPI m/m,United States,0.0,0.2,1.3,,percent,High Impact Expected,,,ForexFactory,https://www.forexfactory.com/calendar,ForexFactory,https://huggingface.co/datasets/Ehsanrs2/Forex_Factory_Calendar/resolve/main/forex_factory_cache.csv,True
2022-08-10,2022-08-10T12:30:00+00:00,core_cpi,Core CPI m/m,United States,0.3,0.5,0.7,,percent,High Impact Expected,,,ForexFactory,https://www.forexfactory.com/calendar,ForexFactory,https://huggingface.co/datasets/Ehsanrs2/Forex_Factory_Calendar/resolve/main/forex_factory_cache.csv,True
2022-08-16,2022-08-16T19:30:00+00:00,retail_sales,Retail Sales m/m,United States,0.0,0.1,0.8,,percent,High Impact Expected,,,ForexFactory,https://www.forexfactory.com/calendar,ForexFactory,https://huggingface.co/datasets/Ehsanrs2/Forex_Factory_Calendar/resolve/main/forex_factory_cache.csv,True
2022-09-01,2022-09-01T19:30:00+00:00,nfp,Non-Farm Employment Change,United States,315000.0,295000.0,526000.0,,persons,High Impact Expected,,,ForexFactory,https://www.forexfactory.com/calendar,ForexFactory,https://huggingface.co/datasets/Ehsanrs2/Forex_Factory_Calendar/resolve/main/forex_factory_cache.csv,True
2022-09-01,2022-09-01T14:00:00+00:00,pmi,ISM Manufacturing PMI,United States,52.8,52.1,52.8,,index,High Impact Expected,,,ForexFactory,https://www.forexfactory.com/calendar,ForexFactory,https://huggingface.co/datasets/Ehsanrs2/Forex_Factory_Calendar/resolve/main/forex_factory_cache.csv,True
2022-09-01,2022-09-01T19:30:00+00:00,unemployment,Unemployment Rate,United States,3.7,3.5,3.5,,percent,High Impact Expected,,,ForexFactory,https://www.forexfactory.com/calendar,ForexFactory,https://huggingface.co/datasets/Ehsanrs2/Forex_Factory_Calendar/resolve/main/forex_factory_cache.csv,True
2022-09-12,2022-09-12T19:30:00+00:00,cpi,CPI m/m,United States,0.1,-0.1,0.0,,percent,High Impact Expected,,,ForexFactory,https://www.forexfactory.com/calendar,ForexFactory,https://huggingface.co/datasets/Ehsanrs2/Forex_Factory_Calendar/resolve/main/forex_factory_cache.csv,True
2022-09-13,2022-09-13T12:30:00+00:00,core_cpi,Core CPI m/m,United States,0.6,0.3,0.3,,percent,High Impact Expected,,,ForexFactory,https://www.forexfactory.com/calendar,ForexFactory,https://huggingface.co/datasets/Ehsanrs2/Forex_Factory_Calendar/resolve/main/forex_factory_cache.csv,True
2022-09-14,2022-09-14T19:30:00+00:00,retail_sales,Retail Sales m/m,United States,0.3,-0.1,-0.4,,percent,High Impact Expected,,,ForexFactory,https://www.forexfactory.com/calendar,ForexFactory,https://huggingface.co/datasets/Ehsanrs2/Forex_Factory_Calendar/resolve/main/forex_factory_cache.csv,True
2022-10-03,2022-10-03T14:00:00+00:00,pmi,ISM Manufacturing PMI,United States,50.9,52.5,52.8,,index,High Impact Expected,,,ForexFactory,https://www.forexfactory.com/calendar,ForexFactory,https://huggingface.co/datasets/Ehsanrs2/Forex_Factory_Calendar/resolve/main/forex_factory_cache.csv,True
2022-10-06,2022-10-06T20:30:00+00:00,nfp,Non-Farm Employment Change,United States,263000.0,248000.0,315000.0,,persons,High Impact Expected,,,ForexFactory,https://www.forexfactory.com/calendar,ForexFactory,https://huggingface.co/datasets/Ehsanrs2/Forex_Factory_Calendar/resolve/main/forex_factory_cache.csv,True
2022-10-06,2022-10-06T20:30:00+00:00,unemployment,Unemployment Rate,United States,3.5,3.7,3.7,,percent,High Impact Expected,,,ForexFactory,https://www.forexfactory.com/calendar,ForexFactory,https://huggingface.co/datasets/Ehsanrs2/Forex_Factory_Calendar/resolve/main/forex_factory_cache.csv,True
2022-10-12,2022-10-12T20:30:00+00:00,cpi,CPI m/m,United States,0.4,0.2,0.1,,percent,High Impact Expected,,,ForexFactory,https://www.forexfactory.com/calendar,ForexFactory,https://huggingface.co/datasets/Ehsanrs2/Forex_Factory_Calendar/resolve/main/forex_factory_cache.csv,True
2022-10-13,2022-10-13T12:30:00+00:00,core_cpi,Core CPI m/m,United States,0.6,0.4,0.6,,percent,High Impact Expected,,,ForexFactory,https://www.forexfactory.com/calendar,ForexFactory,https://huggingface.co/datasets/Ehsanrs2/Forex_Factory_Calendar/resolve/main/forex_factory_cache.csv,True
2022-10-13,2022-10-13T20:30:00+00:00,retail_sales,Retail Sales m/m,United States,0.0,0.2,0.4,,percent,High Impact Expected,,,ForexFactory,https://www.forexfactory.com/calendar,ForexFactory,https://huggingface.co/datasets/Ehsanrs2/Forex_Factory_Calendar/resolve/main/forex_factory_cache.csv,True
2022-10-27,2022-10-27T12:30:00+00:00,gdp,Advance GDP q/q,United States,2.6,2.3,-0.6,,percent,High Impact Expected,,,ForexFactory,https://www.forexfactory.com/calendar,ForexFactory,https://huggingface.co/datasets/Ehsanrs2/Forex_Factory_Calendar/resolve/main/forex_factory_cache.csv,True
2022-11-01,2022-11-01T14:00:00+00:00,pmi,ISM Manufacturing PMI,United States,50.2,50.0,50.9,,index,High Impact Expected,,,ForexFactory,https://www.forexfactory.com/calendar,ForexFactory,https://huggingface.co/datasets/Ehsanrs2/Forex_Factory_Calendar/resolve/main/forex_factory_cache.csv,True
2022-11-03,2022-11-03T20:30:00+00:00,nfp,Non-Farm Employment Change,United States,261000.0,197000.0,315000.0,,persons,High Impact Expected,,,ForexFactory,https://www.forexfactory.com/calendar,ForexFactory,https://huggingface.co/datasets/Ehsanrs2/Forex_Factory_Calendar/resolve/main/forex_factory_cache.csv,True
2022-11-03,2022-11-03T20:30:00+00:00,unemployment,Unemployment Rate,United States,3.7,3.6,3.5,,percent,High Impact Expected,,,ForexFactory,https://www.forexfactory.com/calendar,ForexFactory,https://huggingface.co/datasets/Ehsanrs2/Forex_Factory_Calendar/resolve/main/forex_factory_cache.csv,True
2022-11-09,2022-11-09T20:30:00+00:00,cpi,CPI m/m,United States,0.4,0.6,0.4,,percent,High Impact Expected,,,ForexFactory,https://www.forexfactory.com/calendar,ForexFactory,https://huggingface.co/datasets/Ehsanrs2/Forex_Factory_Calendar/resolve/main/forex_factory_cache.csv,True
2022-11-10,2022-11-10T13:30:00+00:00,core_cpi,Core CPI m/m,United States,0.3,0.5,0.6,,percent,High Impact Expected,,,ForexFactory,https://www.forexfactory.com/calendar,ForexFactory,https://huggingface.co/datasets/Ehsanrs2/Forex_Factory_Calendar/resolve/main/forex_factory_cache.csv,True
2022-11-15,2022-11-15T20:30:00+00:00,retail_sales,Retail Sales m/m,United States,1.3,1.0,0.0,,percent,High Impact Expected,,,ForexFactory,https://www.forexfactory.com/calendar,ForexFactory,https://huggingface.co/datasets/Ehsanrs2/Forex_Factory_Calendar/resolve/main/forex_factory_cache.csv,True
2022-12-01,2022-12-01T20:30:00+00:00,nfp,Non-Farm Employment Change,United States,263000.0,200000.0,284000.0,,persons,High Impact Expected,,,ForexFactory,https://www.forexfactory.com/calendar,ForexFactory,https://huggingface.co/datasets/Ehsanrs2/Forex_Factory_Calendar/resolve/main/forex_factory_cache.csv,True
2022-12-01,2022-12-01T15:00:00+00:00,pmi,ISM Manufacturing PMI,United States,49.0,49.7,50.2,,index,High Impact Expected,,,ForexFactory,https://www.forexfactory.com/calendar,ForexFactory,https://huggingface.co/datasets/Ehsanrs2/Forex_Factory_Calendar/resolve/main/forex_factory_cache.csv,True
2022-12-01,2022-12-01T20:30:00+00:00,unemployment,Unemployment Rate,United States,3.7,3.7,3.7,,percent,High Impact Expected,,,ForexFactory,https://www.forexfactory.com/calendar,ForexFactory,https://huggingface.co/datasets/Ehsanrs2/Forex_Factory_Calendar/resolve/main/forex_factory_cache.csv,True
2022-12-12,2022-12-12T20:30:00+00:00,cpi,CPI m/m,United States,0.1,0.3,0.4,,percent,High Impact Expected,,,ForexFactory,https://www.forexfactory.com/calendar,ForexFactory,https://huggingface.co/datasets/Ehsanrs2/Forex_Factory_Calendar/resolve/main/forex_factory_cache.csv,True
2022-12-13,2022-12-13T13:30:00+00:00,core_cpi,Core CPI m/m,United States,0.2,0.3,0.3,,percent,High Impact Expected,,,ForexFactory,https://www.forexfactory.com/calendar,ForexFactory,https://huggingface.co/datasets/Ehsanrs2/Forex_Factory_Calendar/resolve/main/forex_factory_cache.csv,True
2022-12-14,2022-12-14T20:30:00+00:00,retail_sales,Retail Sales m/m,United States,-0.6,-0.2,1.3,,percent,High Impact Expected,,,ForexFactory,https://www.forexfactory.com/calendar,ForexFactory,https://huggingface.co/datasets/Ehsanrs2/Forex_Factory_Calendar/resolve/main/forex_factory_cache.csv,True
2023-01-04,2023-01-04T15:00:00+00:00,pmi,ISM Manufacturing PMI,United States,48.4,48.5,49.0,,index,High Impact Expected,,,ForexFactory,https://www.forexfactory.com/calendar,ForexFactory,https://huggingface.co/datasets/Ehsanrs2/Forex_Factory_Calendar/resolve/main/forex_factory_cache.csv,True
2023-01-05,2023-01-05T20:30:00+00:00,nfp,Non-Farm Employment Change,United States,223000.0,200000.0,256000.0,,persons,High Impact Expected,,,ForexFactory,https://www.forexfactory.com/calendar,ForexFactory,https://huggingface.co/datasets/Ehsanrs2/Forex_Factory_Calendar/resolve/main/forex_factory_cache.csv,True
2023-01-05,2023-01-05T20:30:00+00:00,unemployment,Unemployment Rate,United States,3.5,3.7,3.7,,percent,High Impact Expected,,,ForexFactory,https://www.forexfactory.com/calendar,ForexFactory,https://huggingface.co/datasets/Ehsanrs2/Forex_Factory_Calendar/resolve/main/forex_factory_cache.csv,True
2023-01-11,2023-01-11T20:30:00+00:00,cpi,CPI m/m,United States,-0.1,-0.1,0.1,,percent,High Impact Expected,,,ForexFactory,https://www.forexfactory.com/calendar,ForexFactory,https://huggingface.co/datasets/Ehsanrs2/Forex_Factory_Calendar/resolve/main/forex_factory_cache.csv,True
2023-01-12,2023-01-12T13:30:00+00:00,core_cpi,Core CPI m/m,United States,0.3,0.3,0.2,,percent,High Impact Expected,,,ForexFactory,https://www.forexfactory.com/calendar,ForexFactory,https://huggingface.co/datasets/Ehsanrs2/Forex_Factory_Calendar/resolve/main/forex_factory_cache.csv,True
2023-01-17,2023-01-17T20:30:00+00:00,retail_sales,Retail Sales m/m,United States,-1.1,-0.8,-1.0,,percent,High Impact Expected,,,ForexFactory,https://www.forexfactory.com/calendar,ForexFactory,https://huggingface.co/datasets/Ehsanrs2/Forex_Factory_Calendar/resolve/main/forex_factory_cache.csv,True
2023-01-26,2023-01-26T13:30:00+00:00,gdp,Advance GDP q/q,United States,2.9,2.6,3.2,,percent,High Impact Expected,,,ForexFactory,https://www.forexfactory.com/calendar,ForexFactory,https://huggingface.co/datasets/Ehsanrs2/Forex_Factory_Calendar/resolve/main/forex_factory_cache.csv,True
2023-02-01,2023-02-01T15:00:00+00:00,pmi,ISM Manufacturing PMI,United States,47.4,48.0,48.4,,index,High Impact Expected,,,ForexFactory,https://www.forexfactory.com/calendar,ForexFactory,https://huggingface.co/datasets/Ehsanrs2/Forex_Factory_Calendar/resolve/main/forex_factory_cache.csv,True
2023-02-02,2023-02-02T20:30:00+00:00,nfp,Non-Farm Employment Change,United States,517000.0,193000.0,260000.0,,persons,High Impact Expected,,,ForexFactory,https://www.forexfactory.com/calendar,ForexFactory,https://huggingface.co/datasets/Ehsanrs2/Forex_Factory_Calendar/resolve/main/forex_factory_cache.csv,True
2023-02-02,2023-02-02T20:30:00+00:00,unemployment,Unemployment Rate,United States,3.4,3.6,3.5,,percent,High Impact Expected,,,ForexFactory,https://www.forexfactory.com/calendar,ForexFactory,https://huggingface.co/datasets/Ehsanrs2/Forex_Factory_Calendar/resolve/main/forex_factory_cache.csv,True
2023-02-13,2023-02-13T20:30:00+00:00,cpi,CPI m/m,United States,0.5,0.5,-0.1,,percent,High Impact Expected,,,ForexFactory,https://www.forexfactory.com/calendar,ForexFactory,https://huggingface.co/datasets/Ehsanrs2/Forex_Factory_Calendar/resolve/main/forex_factory_cache.csv,True
2023-02-14,2023-02-14T13:30:00+00:00,core_cpi,Core CPI m/m,United States,0.4,0.4,0.3,,percent,High Impact Expected,,,ForexFactory,https://www.forexfactory.com/calendar,ForexFactory,https://huggingface.co/datasets/Ehsanrs2/Forex_Factory_Calendar/resolve/main/forex_factory_cache.csv,True
2023-02-14,2023-02-14T20:30:00+00:00,retail_sales,Retail Sales m/m,United States,3.0,1.9,-1.1,,percent,High Impact Expected,,,ForexFactory,https://www.forexfactory.com/calendar,ForexFactory,https://huggingface.co/datasets/Ehsanrs2/Forex_Factory_Calendar/resolve/main/forex_factory_cache.csv,True
2023-03-01,2023-03-01T15:00:00+00:00,pmi,ISM Manufacturing PMI,United States,47.7,47.9,47.4,,index,High Impact Expected,,,ForexFactory,https://www.forexfactory.com/calendar,ForexFactory,https://huggingface.co/datasets/Ehsanrs2/Forex_Factory_Calendar/resolve/main/forex_factory_cache.csv,True
2023-03-09,2023-03-09T20:30:00+00:00,nfp,Non-Farm Employment Change,United States,311000.0,224000.0,504000.0,,persons,High Impact Expected,,,ForexFactory,https://www.forexfactory.com/calendar,ForexFactory,https://huggingface.co/datasets/Ehsanrs2/Forex_Factory_Calendar/resolve/main/forex_factory_cache.csv,True
2023-03-09,2023-03-09T20:30:00+00:00,unemployment,Unemployment Rate,United States,3.6,3.4,3.4,,percent,High Impact Expected,,,ForexFactory,https://www.forexfactory.com/calendar,ForexFactory,https://huggingface.co/datasets/Ehsanrs2/Forex_Factory_Calendar/resolve/main/forex_factory_cache.csv,True
2023-03-13,2023-03-13T20:30:00+00:00,core_cpi,Core CPI m/m,United States,0.5,0.4,0.4,,percent,High Impact Expected,,,ForexFactory,https://www.forexfactory.com/calendar,ForexFactory,https://huggingface.co/datasets/Ehsanrs2/Forex_Factory_Calendar/resolve/main/forex_factory_cache.csv,True
2023-03-13,2023-03-13T20:30:00+00:00,cpi,CPI m/m,United States,0.4,0.4,0.5,,percent,High Impact Expected,,,ForexFactory,https://www.forexfactory.com/calendar,ForexFactory,https://huggingface.co/datasets/Ehsanrs2/Forex_Factory_Calendar/resolve/main/forex_factory_cache.csv,True
2023-03-14,2023-03-14T20:30:00+00:00,retail_sales,Retail Sales m/m,United States,-0.4,-0.3,3.2,,percent,High Impact Expected,,,ForexFactory,https://www.forexfactory.com/calendar,ForexFactory,https://huggingface.co/datasets/Ehsanrs2/Forex_Factory_Calendar/resolve/main/forex_factory_cache.csv,True
2023-04-03,2023-04-03T13:00:00+00:00,pmi,ISM Manufacturing PMI,United States,46.3,47.5,47.7,,index,High Impact Expected,,,ForexFactory,https://www.forexfactory.com/calendar,ForexFactory,https://huggingface.co/datasets/Ehsanrs2/Forex_Factory_Calendar/resolve/main/forex_factory_cache.csv,True
2023-04-06,2023-04-06T19:30:00+00:00,nfp,Non-Farm Employment Change,United States,236000.0,228000.0,326000.0,,persons,High Impact Expected,,,ForexFactory,https://www.forexfactory.com/calendar,ForexFactory,https://huggingface.co/datasets/Ehsanrs2/Forex_Factory_Calendar/resolve/main/forex_factory_cache.csv,True
2023-04-06,2023-04-06T19:30:00+00:00,unemployment,Unemployment Rate,United States,3.5,3.6,3.6,,percent,High Impact Expected,,,ForexFactory,https://www.forexfactory.com/calendar,ForexFactory,https://huggingface.co/datasets/Ehsanrs2/Forex_Factory_Calendar/resolve/main/forex_factory_cache.csv,True
2023-04-11,2023-04-11T19:30:00+00:00,cpi,CPI m/m,United States,0.1,0.2,0.4,,percent,High Impact Expected,,,ForexFactory,https://www.forexfactory.com/calendar,ForexFactory,https://huggingface.co/datasets/Ehsanrs2/Forex_Factory_Calendar/resolve/main/forex_factory_cache.csv,True
2023-04-12,2023-04-12T11:30:00+00:00,core_cpi,Core CPI m/m,United States,0.4,0.4,0.5,,percent,High Impact Expected,,,ForexFactory,https://www.forexfactory.com/calendar,ForexFactory,https://huggingface.co/datasets/Ehsanrs2/Forex_Factory_Calendar/resolve/main/forex_factory_cache.csv,True
2023-04-13,2023-04-13T19:30:00+00:00,retail_sales,Retail Sales m/m,United States,-1.0,-0.4,-0.2,,percent,High Impact Expected,,,ForexFactory,https://www.forexfactory.com/calendar,ForexFactory,https://huggingface.co/datasets/Ehsanrs2/Forex_Factory_Calendar/resolve/main/forex_factory_cache.csv,True
2023-04-27,2023-04-27T11:30:00+00:00,gdp,Advance GDP q/q,United States,1.1,2.0,2.6,,percent,High Impact Expected,,,ForexFactory,https://www.forexfactory.com/calendar,ForexFactory,https://huggingface.co/datasets/Ehsanrs2/Forex_Factory_Calendar/resolve/main/forex_factory_cache.csv,True
2023-05-01,2023-05-01T13:00:00+00:00,pmi,ISM Manufacturing PMI,United States,47.1,46.8,46.3,,index,High Impact Expected,,,ForexFactory,https://www.forexfactory.com/calendar,ForexFactory,https://huggingface.co/datasets/Ehsanrs2/Forex_Factory_Calendar/resolve/main/forex_factory_cache.csv,True
2023-05-04,2023-05-04T19:30:00+00:00,nfp,Non-Farm Employment Change,United States,253000.0,181000.0,165000.0,,persons,High Impact Expected,,,ForexFactory,https://www.forexfactory.com/calendar,ForexFactory,https://huggingface.co/datasets/Ehsanrs2/Forex_Factory_Calendar/resolve/main/forex_factory_cache.csv,True
2023-05-04,2023-05-04T19:30:00+00:00,unemployment,Unemployment Rate,United States,3.4,3.6,3.5,,percent,High Impact Expected,,,ForexFactory,https://www.forexfactory.com/calendar,ForexFactory,https://huggingface.co/datasets/Ehsanrs2/Forex_Factory_Calendar/resolve/main/forex_factory_cache.csv,True
2023-05-09,2023-05-09T19:30:00+00:00,core_cpi,Core CPI m/m,United States,0.4,0.3,0.4,,percent,High Impact Expected,,,ForexFactory,https://www.forexfactory.com/calendar,ForexFactory,https://huggingface.co/datasets/Ehsanrs2/Forex_Factory_Calendar/resolve/main/forex_factory_cache.csv,True
2023-05-09,2023-05-09T19:30:00+00:00,cpi,CPI m/m,United States,0.4,0.4,0.1,,percent,High Impact Expected,,,ForexFactory,https://www.forexfactory.com/calendar,ForexFactory,https://huggingface.co/datasets/Ehsanrs2/Forex_Factory_Calendar/resolve/main/forex_factory_cache.csv,True
2023-05-15,2023-05-15T19:30:00+00:00,retail_sales,Retail Sales m/m,United States,0.4,0.8,-0.7,,percent,High Impact Expected,,,ForexFactory,https://www.forexfactory.com/calendar,ForexFactory,https://huggingface.co/datasets/Ehsanrs2/Forex_Factory_Calendar/resolve/main/forex_factory_cache.csv,True
2023-06-01,2023-06-01T19:30:00+00:00,nfp,Non-Farm Employment Change,United States,339000.0,193000.0,294000.0,,persons,High Impact Expected,,,ForexFactory,https://www.forexfactory.com/calendar,ForexFactory,https://huggingface.co/datasets/Ehsanrs2/Forex_Factory_Calendar/resolve/main/forex_factory_cache.csv,True
2023-06-01,2023-06-01T13:00:00+00:00,pmi,ISM Manufacturing PMI,United States,46.9,47.0,47.1,,index,High Impact Expected,,,ForexFactory,https://www.forexfactory.com/calendar,ForexFactory,https://huggingface.co/datasets/Ehsanrs2/Forex_Factory_Calendar/resolve/main/forex_factory_cache.csv,True
2023-06-01,2023-06-01T19:30:00+00:00,unemployment,Unemployment Rate,United States,3.7,3.5,3.4,,percent,High Impact Expected,,,ForexFactory,https://www.forexfactory.com/calendar,ForexFactory,https://huggingface.co/datasets/Ehsanrs2/Forex_Factory_Calendar/resolve/main/forex_factory_cache.csv,True
2023-06-12,2023-06-12T19:30:00+00:00,cpi,CPI m/m,United States,0.1,0.2,0.4,,percent,High Impact Expected,,,ForexFactory,https://www.forexfactory.com/calendar,ForexFactory,https://huggingface.co/datasets/Ehsanrs2/Forex_Factory_Calendar/resolve/main/forex_factory_cache.csv,True
2023-06-13,2023-06-13T11:30:00+00:00,core_cpi,Core CPI m/m,United States,0.4,0.4,0.4,,percent,High Impact Expected,,,ForexFactory,https://www.forexfactory.com/calendar,ForexFactory,https://huggingface.co/datasets/Ehsanrs2/Forex_Factory_Calendar/resolve/main/forex_factory_cache.csv,True
2023-06-14,2023-06-14T19:30:00+00:00,retail_sales,Retail Sales m/m,United States,0.3,-0.2,0.4,,percent,High Impact Expected,,,ForexFactory,https://www.forexfactory.com/calendar,ForexFactory,https://huggingface.co/datasets/Ehsanrs2/Forex_Factory_Calendar/resolve/main/forex_factory_cache.csv,True
2023-07-03,2023-07-03T13:00:00+00:00,pmi,ISM Manufacturing PMI,United States,46.0,47.2,46.9,,index,High Impact Expected,,,ForexFactory,https://www.forexfactory.com/calendar,ForexFactory,https://huggingface.co/datasets/Ehsanrs2/Forex_Factory_Calendar/resolve/main/forex_factory_cache.csv,True
2023-07-06,2023-07-06T19:30:00+00:00,nfp,Non-Farm Employment Change,United States,209000.0,224000.0,306000.0,,persons,High Impact Expected,,,ForexFactory,https://www.forexfactory.com/calendar,ForexFactory,https://huggingface.co/datasets/Ehsanrs2/Forex_Factory_Calendar/resolve/main/forex_factory_cache.csv,True
2023-07-06,2023-07-06T19:30:00+00:00,unemployment,Unemployment Rate,United States,3.6,3.6,3.7,,percent,High Impact Expected,,,ForexFactory,https://www.forexfactory.com/calendar,ForexFactory,https://huggingface.co/datasets/Ehsanrs2/Forex_Factory_Calendar/resolve/main/forex_factory_cache.csv,True
2023-07-11,2023-07-11T19:30:00+00:00,cpi,CPI m/m,United States,0.2,0.3,0.1,,percent,High Impact Expected,,,ForexFactory,https://www.forexfactory.com/calendar,ForexFactory,https://huggingface.co/datasets/Ehsanrs2/Forex_Factory_Calendar/resolve/main/forex_factory_cache.csv,True
2023-07-12,2023-07-12T11:30:00+00:00,core_cpi,Core CPI m/m,United States,0.2,0.3,0.4,,percent,High Impact Expected,,,ForexFactory,https://www.forexfactory.com/calendar,ForexFactory,https://huggingface.co/datasets/Ehsanrs2/Forex_Factory_Calendar/resolve/main/forex_factory_cache.csv,True
2023-07-17,2023-07-17T19:30:00+00:00,retail_sales,Retail Sales m/m,United States,0.2,0.5,0.5,,percent,High Impact Expected,,,ForexFactory,https://www.forexfactory.com/calendar,ForexFactory,https://huggingface.co/datasets/Ehsanrs2/Forex_Factory_Calendar/resolve/main/forex_factory_cache.csv,True
2023-07-27,2023-07-27T11:30:00+00:00,gdp,Advance GDP q/q,United States,2.4,1.8,2.0,,percent,High Impact Expected,,,ForexFactory,https://www.forexfactory.com/calendar,ForexFactory,https://huggingface.co/datasets/Ehsanrs2/Forex_Factory_Calendar/resolve/main/forex_factory_cache.csv,True
2023-08-01,2023-08-01T13:00:00+00:00,pmi,ISM Manufacturing PMI,United States,46.4,46.9,46.0,,index,High Impact Expected,,,ForexFactory,https://www.forexfactory.com/calendar,ForexFactory,https://huggingface.co/datasets/Ehsanrs2/Forex_Factory_Calendar/resolve/main/forex_factory_cache.csv,True
2023-08-03,2023-08-03T19:30:00+00:00,nfp,Non-Farm Employment Change,United States,187000.0,205000.0,185000.0,,persons,High Impact Expected,,,ForexFactory,https://www.forexfactory.com/calendar,ForexFactory,https://huggingface.co/datasets/Ehsanrs2/Forex_Factory_Calendar/resolve/main/forex_factory_cache.csv,True
2023-08-03,2023-08-03T19:30:00+00:00,unemployment,Unemployment Rate,United States,3.5,3.6,3.6,,percent,High Impact Expected,,,ForexFactory,https://www.forexfactory.com/calendar,ForexFactory,https://huggingface.co/datasets/Ehsanrs2/Forex_Factory_Calendar/resolve/main/forex_factory_cache.csv,True
2023-08-09,2023-08-09T19:30:00+00:00,cpi,CPI m/m,United States,0.2,0.2,0.2,,percent,High Impact Expected,,,ForexFactory,https://www.forexfactory.com/calendar,ForexFactory,https://huggingface.co/datasets/Ehsanrs2/Forex_Factory_Calendar/resolve/main/forex_factory_cache.csv,True
2023-08-10,2023-08-10T11:30:00+00:00,core_cpi,Core CPI m/m,United States,0.2,0.2,0.2,,percent,High Impact Expected,,,ForexFactory,https://www.forexfactory.com/calendar,ForexFactory,https://huggingface.co/datasets/Ehsanrs2/Forex_Factory_Calendar/resolve/main/forex_factory_cache.csv,True
2023-08-14,2023-08-14T19:30:00+00:00,retail_sales,Retail Sales m/m,United States,0.7,0.4,0.3,,percent,High Impact Expected,,,ForexFactory,https://www.forexfactory.com/calendar,ForexFactory,https://huggingface.co/datasets/Ehsanrs2/Forex_Factory_Calendar/resolve/main/forex_factory_cache.csv,True
2023-08-31,2023-08-31T19:30:00+00:00,nfp,Non-Farm Employment Change,United States,187000.0,169000.0,157000.0,,persons,High Impact Expected,,,ForexFactory,https://www.forexfactory.com/calendar,ForexFactory,https://huggingface.co/datasets/Ehsanrs2/Forex_Factory_Calendar/resolve/main/forex_factory_cache.csv,True
2023-08-31,2023-08-31T19:30:00+00:00,unemployment,Unemployment Rate,United States,3.8,3.5,3.5,,percent,High Impact Expected,,,ForexFactory,https://www.forexfactory.com/calendar,ForexFactory,https://huggingface.co/datasets/Ehsanrs2/Forex_Factory_Calendar/resolve/main/forex_factory_cache.csv,True
2023-09-01,2023-09-01T13:00:00+00:00,pmi,ISM Manufacturing PMI,United States,47.6,46.9,46.4,,index,High Impact Expected,,,ForexFactory,https://www.forexfactory.com/calendar,ForexFactory,https://huggingface.co/datasets/Ehsanrs2/Forex_Factory_Calendar/resolve/main/forex_factory_cache.csv,True
2023-09-12,2023-09-12T19:30:00+00:00,cpi,CPI m/m,United States,0.6,0.6,0.2,,percent,High Impact Expected,,,ForexFactory,https://www.forexfactory.com/calendar,ForexFactory,https://huggingface.co/datasets/Ehsanrs2/Forex_Factory_Calendar/resolve/main/forex_factory_cache.csv,True
2023-09-13,2023-09-13T11:30:00+00:00,core_cpi,Core CPI m/m,United States,0.3,0.2,0.2,,percent,High Impact Expected,,,ForexFactory,https://www.forexfactory.com/calendar,ForexFactory,https://huggingface.co/datasets/Ehsanrs2/Forex_Factory_Calendar/resolve/main/forex_factory_cache.csv,True
2023-09-13,2023-09-13T19:30:00+00:00,retail_sales,Retail Sales m/m,United States,0.6,0.1,0.5,,percent,High Impact Expected,,,ForexFactory,https://www.forexfactory.com/calendar,ForexFactory,https://huggingface.co/datasets/Ehsanrs2/Forex_Factory_Calendar/resolve/main/forex_factory_cache.csv,True
2023-10-02,2023-10-02T14:00:00+00:00,pmi,ISM Manufacturing PMI,United States,49.0,47.8,47.6,,index,High Impact Expected,,,ForexFactory,https://www.forexfactory.com/calendar,ForexFactory,https://huggingface.co/datasets/Ehsanrs2/Forex_Factory_Calendar/resolve/main/forex_factory_cache.csv,True
2023-10-05,2023-10-05T20:30:00+00:00,nfp,Non-Farm Employment Change,United States,336000.0,171000.0,227000.0,,persons,High Impact Expected,,,ForexFactory,https://www.forexfactory.com/calendar,ForexFactory,https://huggingface.co/datasets/Ehsanrs2/Forex_Factory_Calendar/resolve/main/forex_factory_cache.csv,True
2023-10-05,2023-10-05T20:30:00+00:00,unemployment,Unemployment Rate,United States,3.8,3.7,3.8,,percent,High Impact Expected,,,ForexFactory,https://www.forexfactory.com/calendar,ForexFactory,https://huggingface.co/datasets/Ehsanrs2/Forex_Factory_Calendar/resolve/main/forex_factory_cache.csv,True
2023-10-11,2023-10-11T20:30:00+00:00,cpi,CPI m/m,United States,0.4,0.3,0.6,,percent,High Impact Expected,,,ForexFactory,https://www.forexfactory.com/calendar,ForexFactory,https://huggingface.co/datasets/Ehsanrs2/Forex_Factory_Calendar/resolve/main/forex_factory_cache.csv,True
2023-10-12,2023-10-12T12:30:00+00:00,core_cpi,Core CPI m/m,United States,0.3,0.3,0.3,,percent,High Impact Expected,,,ForexFactory,https://www.forexfactory.com/calendar,ForexFactory,https://huggingface.co/datasets/Ehsanrs2/Forex_Factory_Calendar/resolve/main/forex_factory_cache.csv,True
2023-10-16,2023-10-16T20:30:00+00:00,retail_sales,Retail Sales m/m,United States,0.7,0.3,0.8,,percent,High Impact Expected,,,ForexFactory,https://www.forexfactory.com/calendar,ForexFactory,https://huggingface.co/datasets/Ehsanrs2/Forex_Factory_Calendar/resolve/main/forex_factory_cache.csv,True
2023-10-26,2023-10-26T12:30:00+00:00,gdp,Advance GDP q/q,United States,4.9,4.5,2.1,,percent,High Impact Expected,,,ForexFactory,https://www.forexfactory.com/calendar,ForexFactory,https://huggingface.co/datasets/Ehsanrs2/Forex_Factory_Calendar/resolve/main/forex_factory_cache.csv,True
2023-11-01,2023-11-01T14:00:00+00:00,pmi,ISM Manufacturing PMI,United States,46.7,49.0,49.0,,index,High Impact Expected,,,ForexFactory,https://www.forexfactory.com/calendar,ForexFactory,https://huggingface.co/datasets/Ehsanrs2/Forex_Factory_Calendar/resolve/main/forex_factory_cache.csv,True
2023-11-02,2023-11-02T20:30:00+00:00,nfp,Non-Farm Employment Change,United States,150000.0,178000.0,297000.0,,persons,High Impact Expected,,,ForexFactory,https://www.forexfactory.com/calendar,ForexFactory,https://huggingface.co/datasets/Ehsanrs2/Forex_Factory_Calendar/resolve/main/forex_factory_cache.csv,True
2023-11-02,2023-11-02T20:30:00+00:00,unemployment,Unemployment Rate,United States,3.9,3.8,3.8,,percent,High Impact Expected,,,ForexFactory,https://www.forexfactory.com/calendar,ForexFactory,https://huggingface.co/datasets/Ehsanrs2/Forex_Factory_Calendar/resolve/main/forex_factory_cache.csv,True
2023-11-13,2023-11-13T20:30:00+00:00,cpi,CPI m/m,United States,0.0,0.1,0.4,,percent,High Impact Expected,,,ForexFactory,https://www.forexfactory.com/calendar,ForexFactory,https://huggingface.co/datasets/Ehsanrs2/Forex_Factory_Calendar/resolve/main/forex_factory_cache.csv,True
2023-11-14,2023-11-14T13:30:00+00:00,core_cpi,Core CPI m/m,United States,0.2,0.3,0.3,,percent,High Impact Expected,,,ForexFactory,https://www.forexfactory.com/calendar,ForexFactory,https://huggingface.co/datasets/Ehsanrs2/Forex_Factory_Calendar/resolve/main/forex_factory_cache.csv,True
2023-11-14,2023-11-14T20:30:00+00:00,retail_sales,Retail Sales m/m,United States,-0.1,-0.3,0.9,,percent,High Impact Expected,,,ForexFactory,https://www.forexfactory.com/calendar,ForexFactory,https://huggingface.co/datasets/Ehsanrs2/Forex_Factory_Calendar/resolve/main/forex_factory_cache.csv,True
2023-12-01,2023-12-01T15:00:00+00:00,pmi,ISM Manufacturing PMI,United States,46.7,47.9,46.7,,index,High Impact Expected,,,ForexFactory,https://www.forexfactory.com/calendar,ForexFactory,https://huggingface.co/datasets/Ehsanrs2/Forex_Factory_Calendar/resolve/main/forex_factory_cache.csv,True
2023-12-07,2023-12-07T20:30:00+00:00,nfp,Non-Farm Employment Change,United States,199000.0,184000.0,150000.0,,persons,High Impact Expected,,,ForexFactory,https://www.forexfactory.com/calendar,ForexFactory,https://huggingface.co/datasets/Ehsanrs2/Forex_Factory_Calendar/resolve/main/forex_factory_cache.csv,True
2023-12-07,2023-12-07T20:30:00+00:00,unemployment,Unemployment Rate,United States,3.7,3.9,3.9,,percent,High Impact Expected,,,ForexFactory,https://www.forexfactory.com/calendar,ForexFactory,https://huggingface.co/datasets/Ehsanrs2/Forex_Factory_Calendar/resolve/main/forex_factory_cache.csv,True
2023-12-11,2023-12-11T20:30:00+00:00,cpi,CPI m/m,United States,0.1,0.0,0.0,,percent,High Impact Expected,,,ForexFactory,https://www.forexfactory.com/calendar,ForexFactory,https://huggingface.co/datasets/Ehsanrs2/Forex_Factory_Calendar/resolve/main/forex_factory_cache.csv,True
2023-12-12,2023-12-12T13:30:00+00:00,core_cpi,Core CPI m/m,United States,0.3,0.3,0.2,,percent,High Impact Expected,,,ForexFactory,https://www.forexfactory.com/calendar,ForexFactory,https://huggingface.co/datasets/Ehsanrs2/Forex_Factory_Calendar/resolve/main/forex_factory_cache.csv,True
2023-12-13,2023-12-13T20:30:00+00:00,retail_sales,Retail Sales m/m,United States,0.3,-0.1,-0.2,,percent,High Impact Expected,,,ForexFactory,https://www.forexfactory.com/calendar,ForexFactory,https://huggingface.co/datasets/Ehsanrs2/Forex_Factory_Calendar/resolve/main/forex_factory_cache.csv,True
2024-01-03,2024-01-03T15:00:00+00:00,pmi,ISM Manufacturing PMI,United States,47.4,47.2,46.7,,index,High Impact Expected,,,ForexFactory,https://www.forexfactory.com/calendar,ForexFactory,https://huggingface.co/datasets/Ehsanrs2/Forex_Factory_Calendar/resolve/main/forex_factory_cache.csv,True
2024-01-04,2024-01-04T20:30:00+00:00,nfp,Non-Farm Employment Change,United States,216000.0,168000.0,173000.0,,persons,High Impact Expected,,,ForexFactory,https://www.forexfactory.com/calendar,ForexFactory,https://huggingface.co/datasets/Ehsanrs2/Forex_Factory_Calendar/resolve/main/forex_factory_cache.csv,True
2024-01-04,2024-01-04T20:30:00+00:00,unemployment,Unemployment Rate,United States,3.7,3.8,3.7,,percent,High Impact Expected,,,ForexFactory,https://www.forexfactory.com/calendar,ForexFactory,https://huggingface.co/datasets/Ehsanrs2/Forex_Factory_Calendar/resolve/main/forex_factory_cache.csv,True
2024-01-10,2024-01-10T20:30:00+00:00,cpi,CPI m/m,United States,0.3,0.2,0.1,,percent,High Impact Expected,,,ForexFactory,https://www.forexfactory.com/calendar,ForexFactory,https://huggingface.co/datasets/Ehsanrs2/Forex_Factory_Calendar/resolve/main/forex_factory_cache.csv,True
2024-01-11,2024-01-11T13:30:00+00:00,core_cpi,Core CPI m/m,United States,0.3,0.3,0.3,,percent,High Impact Expected,,,ForexFactory,https://www.forexfactory.com/calendar,ForexFactory,https://huggingface.co/datasets/Ehsanrs2/Forex_Factory_Calendar/resolve/main/forex_factory_cache.csv,True
2024-01-16,2024-01-16T20:30:00+00:00,retail_sales,Retail Sales m/m,United States,0.6,0.4,0.3,,percent,High Impact Expected,,,ForexFactory,https://www.forexfactory.com/calendar,ForexFactory,https://huggingface.co/datasets/Ehsanrs2/Forex_Factory_Calendar/resolve/main/forex_factory_cache.csv,True
2024-01-25,2024-01-25T13:30:00+00:00,gdp,Advance GDP q/q,United States,3.3,2.0,4.9,,percent,High Impact Expected,,,ForexFactory,https://www.forexfactory.com/calendar,ForexFactory,https://huggingface.co/datasets/Ehsanrs2/Forex_Factory_Calendar/resolve/main/forex_factory_cache.csv,True
2024-02-01,2024-02-01T20:30:00+00:00,nfp,Non-Farm Employment Change,United States,353000.0,187000.0,333000.0,,persons,High Impact Expected,,,ForexFactory,https://www.forexfactory.com/calendar,ForexFactory,https://huggingface.co/datasets/Ehsanrs2/Forex_Factory_Calendar/resolve/main/forex_factory_cache.csv,True
2024-02-01,2024-02-01T15:00:00+00:00,pmi,ISM Manufacturing PMI,United States,49.1,47.2,47.4,,index,High Impact Expected,,,ForexFactory,https://www.forexfactory.com/calendar,ForexFactory,https://huggingface.co/datasets/Ehsanrs2/Forex_Factory_Calendar/resolve/main/forex_factory_cache.csv,True
2024-02-01,2024-02-01T20:30:00+00:00,unemployment,Unemployment Rate,United States,3.7,3.8,3.7,,percent,High Impact Expected,,,ForexFactory,https://www.forexfactory.com/calendar,ForexFactory,https://huggingface.co/datasets/Ehsanrs2/Forex_Factory_Calendar/resolve/main/forex_factory_cache.csv,True
2024-02-12,2024-02-12T20:30:00+00:00,cpi,CPI m/m,United States,0.3,0.2,0.3,,percent,High Impact Expected,,,ForexFactory,https://www.forexfactory.com/calendar,ForexFactory,https://huggingface.co/datasets/Ehsanrs2/Forex_Factory_Calendar/resolve/main/forex_factory_cache.csv,True
2024-02-13,2024-02-13T13:30:00+00:00,core_cpi,Core CPI m/m,United States,0.4,0.3,0.3,,percent,High Impact Expected,,,ForexFactory,https://www.forexfactory.com/calendar,ForexFactory,https://huggingface.co/datasets/Ehsanrs2/Forex_Factory_Calendar/resolve/main/forex_factory_cache.csv,True
2024-02-14,2024-02-14T20:30:00+00:00,retail_sales,Retail Sales m/m,United States,-0.8,-0.2,0.4,,percent,High Impact Expected,,,ForexFactory,https://www.forexfactory.com/calendar,ForexFactory,https://huggingface.co/datasets/Ehsanrs2/Forex_Factory_Calendar/resolve/main/forex_factory_cache.csv,True
2024-03-01,2024-03-01T15:00:00+00:00,pmi,ISM Manufacturing PMI,United States,47.8,49.5,49.1,,index,High Impact Expected,,,ForexFactory,https://www.forexfactory.com/calendar,ForexFactory,https://huggingface.co/datasets/Ehsanrs2/Forex_Factory_Calendar/resolve/main/forex_factory_cache.csv,True
2024-03-07,2024-03-07T20:30:00+00:00,nfp,Non-Farm Employment Change,United States,275000.0,198000.0,229000.0,,persons,High Impact Expected,,,ForexFactory,https://www.forexfactory.com/calendar,ForexFactory,https://huggingface.co/datasets/Ehsanrs2/Forex_Factory_Calendar/resolve/main/forex_factory_cache.csv,True
2024-03-07,2024-03-07T20:30:00+00:00,unemployment,Unemployment Rate,United States,3.9,3.7,3.7,,percent,High Impact Expected,,,ForexFactory,https://www.forexfactory.com/calendar,ForexFactory,https://huggingface.co/datasets/Ehsanrs2/Forex_Factory_Calendar/resolve/main/forex_factory_cache.csv,True
2024-03-11,2024-03-11T20:30:00+00:00,cpi,CPI m/m,United States,0.4,0.4,0.3,,percent,High Impact Expected,,,ForexFactory,https://www.forexfactory.com/calendar,ForexFactory,https://huggingface.co/datasets/Ehsanrs2/Forex_Factory_Calendar/resolve/main/forex_factory_cache.csv,True
2024-03-12,2024-03-12T12:30:00+00:00,core_cpi,Core CPI m/m,United States,0.4,0.3,0.4,,percent,High Impact Expected,,,ForexFactory,https://www.forexfactory.com/calendar,ForexFactory,https://huggingface.co/datasets/Ehsanrs2/Forex_Factory_Calendar/resolve/main/forex_factory_cache.csv,True
2024-03-13,2024-03-13T20:30:00+00:00,retail_sales,Retail Sales m/m,United States,0.6,0.8,-1.1,,percent,High Impact Expected,,,ForexFactory,https://www.forexfactory.com/calendar,ForexFactory,https://huggingface.co/datasets/Ehsanrs2/Forex_Factory_Calendar/resolve/main/forex_factory_cache.csv,True
2024-04-01,2024-04-01T13:00:00+00:00,pmi,ISM Manufacturing PMI,United States,50.3,48.5,47.8,,index,High Impact Expected,,,ForexFactory,https://www.forexfactory.com/calendar,ForexFactory,https://huggingface.co/datasets/Ehsanrs2/Forex_Factory_Calendar/resolve/main/forex_factory_cache.csv,True
2024-04-04,2024-04-04T19:30:00+00:00,nfp,Non-Farm Employment Change,United States,303000.0,212000.0,270000.0,,persons,High Impact Expected,,,ForexFactory,https://www.forexfactory.com/calendar,ForexFactory,https://huggingface.co/datasets/Ehsanrs2/Forex_Factory_Calendar/resolve/main/forex_factory_cache.csv,True
2024-04-04,2024-04-04T19:30:00+00:00,unemployment,Unemployment Rate,United States,3.8,3.9,3.9,,percent,High Impact Expected,,,ForexFactory,https://www.forexfactory.com/calendar,ForexFactory,https://huggingface.co/datasets/Ehsanrs2/Forex_Factory_Calendar/resolve/main/forex_factory_cache.csv,True
2024-04-09,2024-04-09T19:30:00+00:00,core_cpi,Core CPI m/m,United States,0.4,0.3,0.4,,percent,High Impact Expected,,,ForexFactory,https://www.forexfactory.com/calendar,ForexFactory,https://huggingface.co/datasets/Ehsanrs2/Forex_Factory_Calendar/resolve/main/forex_factory_cache.csv,True
2024-04-09,2024-04-09T19:30:00+00:00,cpi,CPI m/m,United States,0.4,0.3,0.4,,percent,High Impact Expected,,,ForexFactory,https://www.forexfactory.com/calendar,ForexFactory,https://huggingface.co/datasets/Ehsanrs2/Forex_Factory_Calendar/resolve/main/forex_factory_cache.csv,True
2024-04-14,2024-04-14T19:30:00+00:00,retail_sales,Retail Sales m/m,United States,0.7,0.4,0.9,,percent,High Impact Expected,,,ForexFactory,https://www.forexfactory.com/calendar,ForexFactory,https://huggingface.co/datasets/Ehsanrs2/Forex_Factory_Calendar/resolve/main/forex_factory_cache.csv,True
2024-04-25,2024-04-25T11:30:00+00:00,gdp,Advance GDP q/q,United States,1.6,2.5,3.4,,percent,High Impact Expected,,,ForexFactory,https://www.forexfactory.com/calendar,ForexFactory,https://huggingface.co/datasets/Ehsanrs2/Forex_Factory_Calendar/resolve/main/forex_factory_cache.csv,True
2024-05-01,2024-05-01T13:00:00+00:00,pmi,ISM Manufacturing PMI,United States,49.2,50.0,50.3,,index,High Impact Expected,,,ForexFactory,https://www.forexfactory.com/calendar,ForexFactory,https://huggingface.co/datasets/Ehsanrs2/Forex_Factory_Calendar/resolve/main/forex_factory_cache.csv,True
2024-05-02,2024-05-02T19:30:00+00:00,nfp,Non-Farm Employment Change,United States,175000.0,238000.0,315000.0,,persons,High Impact Expected,,,ForexFactory,https://www.forexfactory.com/calendar,ForexFactory,https://huggingface.co/datasets/Ehsanrs2/Forex_Factory_Calendar/resolve/main/forex_factory_cache.csv,True
2024-05-02,2024-05-02T19:30:00+00:00,unemployment,Unemployment Rate,United States,3.9,3.8,3.8,,percent,High Impact Expected,,,ForexFactory,https://www.forexfactory.com/calendar,ForexFactory,https://huggingface.co/datasets/Ehsanrs2/Forex_Factory_Calendar/resolve/main/forex_factory_cache.csv,True
2024-05-14,2024-05-14T19:30:00+00:00,core_cpi,Core CPI m/m,United States,0.3,0.3,0.4,,percent,High Impact Expected,,,ForexFactory,https://www.forexfactory.com/calendar,ForexFactory,https://huggingface.co/datasets/Ehsanrs2/Forex_Factory_Calendar/resolve/main/forex_factory_cache.csv,True
2024-05-14,2024-05-14T19:30:00+00:00,cpi,CPI m/m,United States,0.3,0.4,0.4,,percent,High Impact Expected,,,ForexFactory,https://www.forexfactory.com/calendar,ForexFactory,https://huggingface.co/datasets/Ehsanrs2/Forex_Factory_Calendar/resolve/main/forex_factory_cache.csv,True
2024-05-14,2024-05-14T19:30:00+00:00,retail_sales,Retail Sales m/m,United States,0.0,0.4,0.6,,percent,High Impact Expected,,,ForexFactory,https://www.forexfactory.com/calendar,ForexFactory,https://huggingface.co/datasets/Ehsanrs2/Forex_Factory_Calendar/resolve/main/forex_factory_cache.csv,True
2024-06-03,2024-06-03T13:00:00+00:00,pmi,ISM Manufacturing PMI,United States,48.7,49.8,49.2,,index,High Impact Expected,,,ForexFactory,https://www.forexfactory.com/calendar,ForexFactory,https://huggingface.co/datasets/Ehsanrs2/Forex_Factory_Calendar/resolve/main/forex_factory_cache.csv,True
2024-06-06,2024-06-06T19:30:00+00:00,nfp,Non-Farm Employment Change,United States,272000.0,182000.0,165000.0,,persons,High Impact Expected,,,ForexFactory,https://www.forexfactory.com/calendar,ForexFactory,https://huggingface.co/datasets/Ehsanrs2/Forex_Factory_Calendar/resolve/main/forex_factory_cache.csv,True
2024-06-06,2024-06-06T19:30:00+00:00,unemployment,Unemployment Rate,United States,4.0,3.9,3.9,,percent,High Impact Expected,,,ForexFactory,https://www.forexfactory.com/calendar,ForexFactory,https://huggingface.co/datasets/Ehsanrs2/Forex_Factory_Calendar/resolve/main/forex_factory_cache.csv,True
2024-06-11,2024-06-11T19:30:00+00:00,cpi,CPI m/m,United States,0.0,0.1,0.3,,percent,High Impact Expected,,,ForexFactory,https://www.forexfactory.com/calendar,ForexFactory,https://huggingface.co/datasets/Ehsanrs2/Forex_Factory_Calendar/resolve/main/forex_factory_cache.csv,True
2024-06-12,2024-06-12T11:30:00+00:00,core_cpi,Core CPI m/m,United States,0.2,0.3,0.3,,percent,High Impact Expected,,,ForexFactory,https://www.forexfactory.com/calendar,ForexFactory,https://huggingface.co/datasets/Ehsanrs2/Forex_Factory_Calendar/resolve/main/forex_factory_cache.csv,True
2024-06-17,2024-06-17T19:30:00+00:00,retail_sales,Retail Sales m/m,United States,0.1,0.3,-0.2,,percent,High Impact Expected,,,ForexFactory,https://www.forexfactory.com/calendar,ForexFactory,https://huggingface.co/datasets/Ehsanrs2/Forex_Factory_Calendar/resolve/main/forex_factory_cache.csv,True
2024-07-01,2024-07-01T13:00:00+00:00,pmi,ISM Manufacturing PMI,United States,48.5,49.2,48.7,,index,High Impact Expected,,,ForexFactory,https://www.forexfactory.com/calendar,ForexFactory,https://huggingface.co/datasets/Ehsanrs2/Forex_Factory_Calendar/resolve/main/forex_factory_cache.csv,True
2024-07-04,2024-07-04T19:30:00+00:00,nfp,Non-Farm Employment Change,United States,206000.0,191000.0,218000.0,,persons,High Impact Expected,,,ForexFactory,https://www.forexfactory.com/calendar,ForexFactory,https://huggingface.co/datasets/Ehsanrs2/Forex_Factory_Calendar/resolve/main/forex_factory_cache.csv,True
2024-07-04,2024-07-04T19:30:00+00:00,unemployment,Unemployment Rate,United States,4.1,4.0,4.0,,percent,High Impact Expected,,,ForexFactory,https://www.forexfactory.com/calendar,ForexFactory,https://huggingface.co/datasets/Ehsanrs2/Forex_Factory_Calendar/resolve/main/forex_factory_cache.csv,True
2024-07-10,2024-07-10T19:30:00+00:00,cpi,CPI m/m,United States,-0.1,0.1,0.0,,percent,High Impact Expected,,,ForexFactory,https://www.forexfactory.com/calendar,ForexFactory,https://huggingface.co/datasets/Ehsanrs2/Forex_Factory_Calendar/resolve/main/forex_factory_cache.csv,True
2024-07-11,2024-07-11T11:30:00+00:00,core_cpi,Core CPI m/m,United States,0.1,0.2,0.2,,percent,High Impact Expected,,,ForexFactory,https://www.forexfactory.com/calendar,ForexFactory,https://huggingface.co/datasets/Ehsanrs2/Forex_Factory_Calendar/resolve/main/forex_factory_cache.csv,True
2024-07-15,2024-07-15T19:30:00+00:00,retail_sales,Retail Sales m/m,United States,0.0,-0.3,0.3,,percent,High Impact Expected,,,ForexFactory,https://www.forexfactory.com/calendar,ForexFactory,https://huggingface.co/datasets/Ehsanrs2/Forex_Factory_Calendar/resolve/main/forex_factory_cache.csv,True
2024-07-25,2024-07-25T11:30:00+00:00,gdp,Advance GDP q/q,United States,2.8,2.0,1.4,,percent,High Impact Expected,,,ForexFactory,https://www.forexfactory.com/calendar,ForexFactory,https://huggingface.co/datasets/Ehsanrs2/Forex_Factory_Calendar/resolve/main/forex_factory_cache.csv,True
2024-08-01,2024-08-01T19:30:00+00:00,nfp,Non-Farm Employment Change,United States,114000.0,176000.0,179000.0,,persons,High Impact Expected,,,ForexFactory,https://www.forexfactory.com/calendar,ForexFactory,https://huggingface.co/datasets/Ehsanrs2/Forex_Factory_Calendar/resolve/main/forex_factory_cache.csv,True
2024-08-01,2024-08-01T13:00:00+00:00,pmi,ISM Manufacturing PMI,United States,46.8,48.8,48.5,,index,High Impact Expected,,,ForexFactory,https://www.forexfactory.com/calendar,ForexFactory,https://huggingface.co/datasets/Ehsanrs2/Forex_Factory_Calendar/resolve/main/forex_factory_cache.csv,True
2024-08-01,2024-08-01T19:30:00+00:00,unemployment,Unemployment Rate,United States,4.3,4.1,4.1,,percent,High Impact Expected,,,ForexFactory,https://www.forexfactory.com/calendar,ForexFactory,https://huggingface.co/datasets/Ehsanrs2/Forex_Factory_Calendar/resolve/main/forex_factory_cache.csv,True
2024-08-13,2024-08-13T19:30:00+00:00,cpi,CPI m/m,United States,0.2,0.2,-0.1,,percent,High Impact Expected,,,ForexFactory,https://www.forexfactory.com/calendar,ForexFactory,https://huggingface.co/datasets/Ehsanrs2/Forex_Factory_Calendar/resolve/main/forex_factory_cache.csv,True
2024-08-14,2024-08-14T11:30:00+00:00,core_cpi,Core CPI m/m,United States,0.2,0.2,0.1,,percent,High Impact Expected,,,ForexFactory,https://www.forexfactory.com/calendar,ForexFactory,https://huggingface.co/datasets/Ehsanrs2/Forex_Factory_Calendar/resolve/main/forex_factory_cache.csv,True
2024-08-14,2024-08-14T19:30:00+00:00,retail_sales,Retail Sales m/m,United States,1.0,0.4,-0.2,,percent,High Impact Expected,,,ForexFactory,https://www.forexfactory.com/calendar,ForexFactory,https://huggingface.co/datasets/Ehsanrs2/Forex_Factory_Calendar/resolve/main/forex_factory_cache.csv,True
2024-09-03,2024-09-03T13:00:00+00:00,pmi,ISM Manufacturing PMI,United States,47.2,47.5,46.8,,index,High Impact Expected,,,ForexFactory,https://www.forexfactory.com/calendar,ForexFactory,https://huggingface.co/datasets/Ehsanrs2/Forex_Factory_Calendar/resolve/main/forex_factory_cache.csv,True
2024-09-05,2024-09-05T19:30:00+00:00,nfp,Non-Farm Employment Change,United States,142000.0,164000.0,89000.0,,persons,High Impact Expected,,,ForexFactory,https://www.forexfactory.com/calendar,ForexFactory,https://huggingface.co/datasets/Ehsanrs2/Forex_Factory_Calendar/resolve/main/forex_factory_cache.csv,True
2024-09-05,2024-09-05T19:30:00+00:00,unemployment,Unemployment Rate,United States,4.2,4.2,4.3,,percent,High Impact Expected,,,ForexFactory,https://www.forexfactory.com/calendar,ForexFactory,https://huggingface.co/datasets/Ehsanrs2/Forex_Factory_Calendar/resolve/main/forex_factory_cache.csv,True
2024-09-10,2024-09-10T19:30:00+00:00,cpi,CPI m/m,United States,0.2,0.2,0.2,,percent,High Impact Expected,,,ForexFactory,https://www.forexfactory.com/calendar,ForexFactory,https://huggingface.co/datasets/Ehsanrs2/Forex_Factory_Calendar/resolve/main/forex_factory_cache.csv,True
2024-09-11,2024-09-11T11:30:00+00:00,core_cpi,Core CPI m/m,United States,0.3,0.2,0.2,,percent,High Impact Expected,,,ForexFactory,https://www.forexfactory.com/calendar,ForexFactory,https://huggingface.co/datasets/Ehsanrs2/Forex_Factory_Calendar/resolve/main/forex_factory_cache.csv,True
2024-09-16,2024-09-16T19:30:00+00:00,retail_sales,Retail Sales m/m,United States,0.1,-0.2,1.1,,percent,High Impact Expected,,,ForexFactory,https://www.forexfactory.com/calendar,ForexFactory,https://huggingface.co/datasets/Ehsanrs2/Forex_Factory_Calendar/resolve/main/forex_factory_cache.csv,True
2024-09-30,2024-09-30T20:30:00+00:00,pmi,ISM Manufacturing PMI,United States,47.2,47.6,47.2,,index,High Impact Expected,,,ForexFactory,https://www.forexfactory.com/calendar,ForexFactory,https://huggingface.co/datasets/Ehsanrs2/Forex_Factory_Calendar/resolve/main/forex_factory_cache.csv,True
2024-10-03,2024-10-03T20:30:00+00:00,nfp,Non-Farm Employment Change,United States,254000.0,147000.0,159000.0,,persons,High Impact Expected,,,ForexFactory,https://www.forexfactory.com/calendar,ForexFactory,https://huggingface.co/datasets/Ehsanrs2/Forex_Factory_Calendar/resolve/main/forex_factory_cache.csv,True
2024-10-03,2024-10-03T20:30:00+00:00,unemployment,Unemployment Rate,United States,4.1,4.2,4.2,,percent,High Impact Expected,,,ForexFactory,https://www.forexfactory.com/calendar,ForexFactory,https://huggingface.co/datasets/Ehsanrs2/Forex_Factory_Calendar/resolve/main/forex_factory_cache.csv,True
2024-10-09,2024-10-09T20:30:00+00:00,cpi,CPI m/m,United States,0.2,0.1,0.2,,percent,High Impact Expected,,,ForexFactory,https://www.forexfactory.com/calendar,ForexFactory,https://huggingface.co/datasets/Ehsanrs2/Forex_Factory_Calendar/resolve/main/forex_factory_cache.csv,True
2024-10-10,2024-10-10T12:30:00+00:00,core_cpi,Core CPI m/m,United States,0.3,0.2,0.3,,percent,High Impact Expected,,,ForexFactory,https://www.forexfactory.com/calendar,ForexFactory,https://huggingface.co/datasets/Ehsanrs2/Forex_Factory_Calendar/resolve/main/forex_factory_cache.csv,True
2024-10-16,2024-10-16T20:30:00+00:00,retail_sales,Retail Sales m/m,United States,0.4,0.3,0.1,,percent,High Impact Expected,,,ForexFactory,https://www.forexfactory.com/calendar,ForexFactory,https://huggingface.co/datasets/Ehsanrs2/Forex_Factory_Calendar/resolve/main/forex_factory_cache.csv,True
2024-10-30,2024-10-30T12:30:00+00:00,gdp,Advance GDP q/q,United States,2.8,3.0,3.0,,percent,High Impact Expected,,,ForexFactory,https://www.forexfactory.com/calendar,ForexFactory,https://huggingface.co/datasets/Ehsanrs2/Forex_Factory_Calendar/resolve/main/forex_factory_cache.csv,True
2024-10-31,2024-10-31T20:30:00+00:00,nfp,Non-Farm Employment Change,United States,12000.0,106000.0,223000.0,,persons,High Impact Expected,,,ForexFactory,https://www.forexfactory.com/calendar,ForexFactory,https://huggingface.co/datasets/Ehsanrs2/Forex_Factory_Calendar/resolve/main/forex_factory_cache.csv,True
2024-10-31,2024-10-31T20:30:00+00:00,unemployment,Unemployment Rate,United States,4.1,4.1,4.1,,percent,High Impact Expected,,,ForexFactory,https://www.forexfactory.com/calendar,ForexFactory,https://huggingface.co/datasets/Ehsanrs2/Forex_Factory_Calendar/resolve/main/forex_factory_cache.csv,True
2024-11-01,2024-11-01T14:00:00+00:00,pmi,ISM Manufacturing PMI,United States,46.5,47.6,47.2,,index,High Impact Expected,,,ForexFactory,https://www.forexfactory.com/calendar,ForexFactory,https://huggingface.co/datasets/Ehsanrs2/Forex_Factory_Calendar/resolve/main/forex_factory_cache.csv,True
2024-11-12,2024-11-12T20:30:00+00:00,cpi,CPI m/m,United States,0.2,0.2,0.2,,percent,High Impact Expected,,,ForexFactory,https://www.forexfactory.com/calendar,ForexFactory,https://huggingface.co/datasets/Ehsanrs2/Forex_Factory_Calendar/resolve/main/forex_factory_cache.csv,True
2024-11-13,2024-11-13T13:30:00+00:00,core_cpi,Core CPI m/m,United States,0.3,0.3,0.3,,percent,High Impact Expected,,,ForexFactory,https://www.forexfactory.com/calendar,ForexFactory,https://huggingface.co/datasets/Ehsanrs2/Forex_Factory_Calendar/resolve/main/forex_factory_cache.csv,True
2024-11-14,2024-11-14T20:30:00+00:00,retail_sales,Retail Sales m/m,United States,0.4,0.3,0.8,,percent,High Impact Expected,,,ForexFactory,https://www.forexfactory.com/calendar,ForexFactory,https://huggingface.co/datasets/Ehsanrs2/Forex_Factory_Calendar/resolve/main/forex_factory_cache.csv,True
2024-12-02,2024-12-02T15:00:00+00:00,pmi,ISM Manufacturing PMI,United States,48.4,47.7,46.5,,index,High Impact Expected,,,ForexFactory,https://www.forexfactory.com/calendar,ForexFactory,https://huggingface.co/datasets/Ehsanrs2/Forex_Factory_Calendar/resolve/main/forex_factory_cache.csv,True
2024-12-05,2024-12-05T20:30:00+00:00,nfp,Non-Farm Employment Change,United States,227000.0,218000.0,36000.0,,persons,High Impact Expected,,,ForexFactory,https://www.forexfactory.com/calendar,ForexFactory,https://huggingface.co/datasets/Ehsanrs2/Forex_Factory_Calendar/resolve/main/forex_factory_cache.csv,True
2024-12-05,2024-12-05T20:30:00+00:00,unemployment,Unemployment Rate,United States,4.2,4.1,4.1,,percent,High Impact Expected,,,ForexFactory,https://www.forexfactory.com/calendar,ForexFactory,https://huggingface.co/datasets/Ehsanrs2/Forex_Factory_Calendar/resolve/main/forex_factory_cache.csv,True
2024-12-10,2024-12-10T20:30:00+00:00,cpi,CPI m/m,United States,0.3,0.3,0.2,,percent,High Impact Expected,,,ForexFactory,https://www.forexfactory.com/calendar,ForexFactory,https://huggingface.co/datasets/Ehsanrs2/Forex_Factory_Calendar/resolve/main/forex_factory_cache.csv,True
2024-12-11,2024-12-11T13:30:00+00:00,core_cpi,Core CPI m/m,United States,0.3,0.3,0.3,,percent,High Impact Expected,,,ForexFactory,https://www.forexfactory.com/calendar,ForexFactory,https://huggingface.co/datasets/Ehsanrs2/Forex_Factory_Calendar/resolve/main/forex_factory_cache.csv,True
2024-12-16,2024-12-16T20:30:00+00:00,retail_sales,Retail Sales m/m,United States,0.7,0.6,0.5,,percent,High Impact Expected,,,ForexFactory,https://www.forexfactory.com/calendar,ForexFactory,https://huggingface.co/datasets/Ehsanrs2/Forex_Factory_Calendar/resolve/main/forex_factory_cache.csv,True
2025-01-03,2025-01-03T15:00:00+00:00,pmi,ISM Manufacturing PMI,United States,49.3,48.2,48.4,,index,High Impact Expected,,,ForexFactory,https://www.forexfactory.com/calendar,ForexFactory,https://huggingface.co/datasets/Ehsanrs2/Forex_Factory_Calendar/resolve/main/forex_factory_cache.csv,True
2025-01-09,2025-01-09T20:30:00+00:00,nfp,Non-Farm Employment Change,United States,256000.0,164000.0,212000.0,,persons,High Impact Expected,,,ForexFactory,https://www.forexfactory.com/calendar,ForexFactory,https://huggingface.co/datasets/Ehsanrs2/Forex_Factory_Calendar/resolve/main/forex_factory_cache.csv,True
2025-01-09,2025-01-09T20:30:00+00:00,unemployment,Unemployment Rate,United States,4.1,4.2,4.2,,percent,High Impact Expected,,,ForexFactory,https://www.forexfactory.com/calendar,ForexFactory,https://huggingface.co/datasets/Ehsanrs2/Forex_Factory_Calendar/resolve/main/forex_factory_cache.csv,True
2025-01-14,2025-01-14T20:30:00+00:00,core_cpi,Core CPI m/m,United States,0.2,0.3,0.3,,percent,High Impact Expected,,,ForexFactory,https://www.forexfactory.com/calendar,ForexFactory,https://huggingface.co/datasets/Ehsanrs2/Forex_Factory_Calendar/resolve/main/forex_factory_cache.csv,True
2025-01-14,2025-01-14T20:30:00+00:00,cpi,CPI m/m,United States,0.4,0.4,0.3,,percent,High Impact Expected,,,ForexFactory,https://www.forexfactory.com/calendar,ForexFactory,https://huggingface.co/datasets/Ehsanrs2/Forex_Factory_Calendar/resolve/main/forex_factory_cache.csv,True
2025-01-15,2025-01-15T20:30:00+00:00,retail_sales,Retail Sales m/m,United States,0.4,0.6,0.8,,percent,High Impact Expected,,,ForexFactory,https://www.forexfactory.com/calendar,ForexFactory,https://huggingface.co/datasets/Ehsanrs2/Forex_Factory_Calendar/resolve/main/forex_factory_cache.csv,True
2025-01-30,2025-01-30T13:30:00+00:00,gdp,Advance GDP q/q,United States,2.3,2.7,3.1,,percent,High Impact Expected,,,ForexFactory,https://www.forexfactory.com/calendar,ForexFactory,https://huggingface.co/datasets/Ehsanrs2/Forex_Factory_Calendar/resolve/main/forex_factory_cache.csv,True
2025-02-03,2025-02-03T15:00:00+00:00,pmi,ISM Manufacturing PMI,United States,50.9,49.3,49.3,,index,High Impact Expected,,,ForexFactory,https://www.forexfactory.com/calendar,ForexFactory,https://huggingface.co/datasets/Ehsanrs2/Forex_Factory_Calendar/resolve/main/forex_factory_cache.csv,True
2025-02-06,2025-02-06T20:30:00+00:00,nfp,Non-Farm Employment Change,United States,143000.0,169000.0,307000.0,,persons,High Impact Expected,,,ForexFactory,https://www.forexfactory.com/calendar,ForexFactory,https://huggingface.co/datasets/Ehsanrs2/Forex_Factory_Calendar/resolve/main/forex_factory_cache.csv,True
2025-02-06,2025-02-06T20:30:00+00:00,unemployment,Unemployment Rate,United States,4.0,4.1,4.1,,percent,High Impact Expected,,,ForexFactory,https://www.forexfactory.com/calendar,ForexFactory,https://huggingface.co/datasets/Ehsanrs2/Forex_Factory_Calendar/resolve/main/forex_factory_cache.csv,True
2025-02-11,2025-02-11T20:30:00+00:00,cpi,CPI m/m,United States,0.5,0.3,0.4,,percent,High Impact Expected,,,ForexFactory,https://www.forexfactory.com/calendar,ForexFactory,https://huggingface.co/datasets/Ehsanrs2/Forex_Factory_Calendar/resolve/main/forex_factory_cache.csv,True
2025-02-12,2025-02-12T13:30:00+00:00,core_cpi,Core CPI m/m,United States,0.4,0.3,0.2,,percent,High Impact Expected,,,ForexFactory,https://www.forexfactory.com/calendar,ForexFactory,https://huggingface.co/datasets/Ehsanrs2/Forex_Factory_Calendar/resolve/main/forex_factory_cache.csv,True
2025-02-13,2025-02-13T20:30:00+00:00,retail_sales,Retail Sales m/m,United States,-0.9,-0.2,0.7,,percent,High Impact Expected,,,ForexFactory,https://www.forexfactory.com/calendar,ForexFactory,https://huggingface.co/datasets/Ehsanrs2/Forex_Factory_Calendar/resolve/main/forex_factory_cache.csv,True
2025-03-03,2025-03-03T15:00:00+00:00,pmi,ISM Manufacturing PMI,United States,50.3,50.6,50.9,,index,High Impact Expected,,,ForexFactory,https://www.forexfactory.com/calendar,ForexFactory,https://huggingface.co/datasets/Ehsanrs2/Forex_Factory_Calendar/resolve/main/forex_factory_cache.csv,True
2025-03-06,2025-03-06T20:30:00+00:00,nfp,Non-Farm Employment Change,United States,151000.0,159000.0,125000.0,,persons,High Impact Expected,,,ForexFactory,https://www.forexfactory.com/calendar,ForexFactory,https://huggingface.co/datasets/Ehsanrs2/Forex_Factory_Calendar/resolve/main/forex_factory_cache.csv,True
2025-03-06,2025-03-06T20:30:00+00:00,unemployment,Unemployment Rate,United States,4.1,4.0,4.0,,percent,High Impact Expected,,,ForexFactory,https://www.forexfactory.com/calendar,ForexFactory,https://huggingface.co/datasets/Ehsanrs2/Forex_Factory_Calendar/resolve/main/forex_factory_cache.csv,True
2025-03-11,2025-03-11T20:30:00+00:00,cpi,CPI m/m,United States,0.2,0.3,0.5,,percent,High Impact Expected,,,ForexFactory,https://www.forexfactory.com/calendar,ForexFactory,https://huggingface.co/datasets/Ehsanrs2/Forex_Factory_Calendar/resolve/main/forex_factory_cache.csv,True
2025-03-12,2025-03-12T12:30:00+00:00,core_cpi,Core CPI m/m,United States,0.2,0.3,0.4,,percent,High Impact Expected,,,ForexFactory,https://www.forexfactory.com/calendar,ForexFactory,https://huggingface.co/datasets/Ehsanrs2/Forex_Factory_Calendar/resolve/main/forex_factory_cache.csv,True
2025-03-16,2025-03-16T20:30:00+00:00,retail_sales,Retail Sales m/m,United States,0.2,0.6,-1.2,,percent,High Impact Expected,,,ForexFactory,https://www.forexfactory.com/calendar,ForexFactory,https://huggingface.co/datasets/Ehsanrs2/Forex_Factory_Calendar/resolve/main/forex_factory_cache.csv,True
2025-04-01,2025-04-01T13:00:00+00:00,pmi,ISM Manufacturing PMI,United States,49.0,49.5,50.3,,index,High Impact Expected,,,ForexFactory,https://www.forexfactory.com/calendar,ForexFactory,https://huggingface.co/datasets/Ehsanrs2/Forex_Factory_Calendar/resolve/main/forex_factory_cache.csv,True
2025-04-03,2025-04-03T19:30:00+00:00,nfp,Non-Farm Employment Change,United States,228000.0,137000.0,117000.0,,persons,High Impact Expected,,,ForexFactory,https://www.forexfactory.com/calendar,ForexFactory,https://huggingface.co/datasets/Ehsanrs2/Forex_Factory_Calendar/resolve/main/forex_factory_cache.csv,True
2025-04-03,2025-04-03T19:30:00+00:00,unemployment,Unemployment Rate,United States,4.2,4.1,4.1,,percent,High Impact Expected,,,ForexFactory,https://www.forexfactory.com/calendar,ForexFactory,https://huggingface.co/datasets/Ehsanrs2/Forex_Factory_Calendar/resolve/main/forex_factory_cache.csv,True
